7463248, -3.141593, 0.000000, 0.000000, 0.000000, 0.000000
7468280, -3.141593, -0.004487, -0.665726, 0.000516, -0.673382
7473390, -3.141593, -0.006551, -0.886820, -0.004912, -0.883959
7478501, -3.141593, -0.009531, -0.955325, -0.002837, -0.940302
7483611, -3.141593, -0.012096, -0.974263, -0.007747, -0.968967
7488724, -3.141593, -0.014839, -0.977967, -0.014759, -0.966843
7493838, -3.141593, -0.009580, -0.980463, 0.000222, -0.980872
7498944, -3.141593, -0.009140, -0.979548, -0.002764, -0.975567
7504059, -3.141593, -0.005919, -0.977092, -0.003674, -0.977779
7509168, -3.141593, -0.006171, -0.981613, -0.011859, -0.981640
7514276, -3.141593, -0.005565, -0.989345, 0.000300, -0.982567
7519389, -3.141593, -0.008019, -0.983396, 0.001610, -0.972171
7524497, -3.141593, -0.008560, -0.978844, -0.003412, -0.981189
7529609, -3.141593, -0.013017, -0.969413, -0.007251, -0.980563
7534723, -3.141593, -0.010455, -0.978987, -0.007641, -0.979313
7539833, -3.141593, -0.010701, -0.980209, -0.000784, -0.978887
7544944, -3.141593, -0.006044, -0.978450, -0.008393, -0.977547
7550053, -3.141593, -0.012628, -0.971216, -0.009889, -0.976156
7555165, -3.141593, -0.008635, -0.975301, -0.006197, -0.978466
7560273, -3.141593, -0.003507, -0.980135, 0.003249, -0.982980
7565381, -3.141593, -0.004812, -0.974378, 0.002850, -0.983235
7570492, -3.141593, -0.007512, -0.973558, -0.002089, -0.975948
7575603, -3.141593, -0.009783, -0.976503, -0.008370, -0.975343
7580714, -3.141593, -0.016168, -0.977295, -0.004853, -0.981247
7585826, -3.141593, -0.007082, -0.974095, -0.003799, -0.979494
7590935, -3.141593, -0.006999, -0.974428, -0.004771, -0.977135
7596050, -3.141593, -0.007331, -0.979512, -0.012611, -0.973761
7601161, -3.141593, -0.002064, -0.982277, -0.004583, -0.979685
7606272, -3.141593, -0.002034, -0.979945, -0.004100, -0.977697
7611388, -3.141593, -0.009275, -0.976935, -0.002740, -0.976967
7616500, -3.141593, -0.004935, -0.980585, -0.005229, -0.979659
7621611, -3.141593, -0.009887, -0.973893, -0.006335, -0.979558
7626727, -3.141593, -0.007902, -0.984280, -0.007325, -0.974950
7631837, -3.141593, -0.012595, -0.978261, -0.010801, -0.976203
7636947, -3.141593, -0.003682, -0.980468, -0.006882, -0.983506
7642055, -3.141593, -0.008633, -0.980726, -0.000374, -0.981995
7647164, -3.141593, -0.016020, -0.978759, -0.001228, -0.971478
7652273, -3.141593, -0.006051, -0.986381, -0.006618, -0.972252
7657385, -3.141593, -0.013229, -0.980133, -0.009654, -0.975335
7662500, -3.141593, -0.007739, -0.981481, -0.003964, -0.978070
7667613, -3.141593, -0.005886, -0.981027, -0.005598, -0.976873
7672721, -3.141593, -0.005065, -0.977557, 0.000646, -0.979760
7677835, -3.141593, -0.008675, -0.973535, -0.005043, -0.981535
7682944, -3.141593, -0.007595, -0.974942, -0.001339, -0.976435
7688055, -3.141593, -0.003485, -0.979416, -0.007514, -0.973459
7693166, -3.141593, -0.005048, -0.977585, -0.003544, -0.977569
7698276, -3.141593, -0.006467, -0.971521, -0.015307, -0.966511
7703390, -3.141593, -0.010493, -0.977192, -0.005862, -0.984379
7708500, -3.141593, -0.005073, -0.976850, 0.005529, -0.984949
7713608, -3.141593, -0.006888, -0.976066, 0.000395, -0.979453
7718715, -3.141593, -0.002843, -0.980183, -0.007351, -0.972305
7723827, -3.141593, -0.008174, -0.981301, -0.011068, -0.975989
7728937, -3.141593, -0.005012, -0.976369, -0.002504, -0.983227
7734046, -3.141593, -0.004300, -0.976506, -0.005710, -0.974446
7739157, -3.141593, -0.004895, -0.976627, -0.013694, -0.977164
7744269, -3.141593, -0.007238, -0.973381, -0.007433, -0.983570
7749384, -3.141593, -0.005522, -0.975127, -0.002969, -0.982704
7754497, -3.141593, -0.000973, -0.980567, -0.001103, -0.974311
7759608, -3.141593, -0.003282, -0.977764, -0.005031, -0.976549
7764719, -3.141593, -0.003721, -0.980962, -0.009808, -0.985041
7769832, -3.141593, -0.009971, -0.979532, -0.006736, -0.984775
7774942, -3.141593, -0.006206, -0.977187, 0.003362, -0.987925
7780052, -3.141593, 0.000116, -0.980345, 0.000915, -0.981356
7785160, -3.141593, -0.003715, -0.982081, -0.009226, -0.983048
7790267, -3.141593, -0.003114, -0.986353, -0.009118, -0.976051
7795377, -3.141593, -0.006314, -0.978927, -0.006839, -0.976320
7800492, -3.141593, -0.006954, -0.977043, -0.000232, -0.977902
7805598, -3.141593, -0.003600, -0.978596, -0.008340, -0.982053
7810708, -3.141593, -0.006922, -0.982979, -0.005111, -0.973198
7815824, -3.141593, -0.006567, -0.976351, 0.003390, -0.975437
7820944, -3.141593, -0.009304, -0.977251, -0.002823, -0.980163
7826053, -3.141593, -0.005312, -0.975483, -0.006702, -0.984309
7831163, -3.141593, -0.007209, -0.978047, -0.010157, -0.979870
7836271, -3.141593, -0.000808, -0.985145, -0.004885, -0.981217
7841382, -3.141593, -0.007937, -0.979911, -0.004873, -0.975298
7846491, -3.141593, -0.001813, -0.981550, -0.003931, -0.969184
7851600, -3.141593, -0.010472, -0.973890, -0.007584, -0.977204
7856712, -3.141593, -0.009222, -0.980212, -0.001334, -0.974486
7861822, -3.141593, -0.007064, -0.979807, -0.003725, -0.972947
7866932, -3.141593, -0.006808, -0.977914, -0.010622, -0.975082
7872043, -3.141593, -0.009185, -0.975425, -0.008187, -0.979340
7877151, -3.141593, -0.002408, -0.977710, 0.001073, -0.977822
7882262, -3.141593, -0.002807, -0.972458, -0.001985, -0.969185
7887376, -3.141593, -0.005234, -0.973010, -0.008872, -0.968214
7892493, -3.141593, -0.005964, -0.978343, -0.012468, -0.979182
7897605, -3.141593, -0.006866, -0.982949, -0.001035, -0.979191
7902715, -3.141593, -0.006078, -0.981625, -0.001258, -0.974481
7907827, -3.141593, -0.007351, -0.975352, -0.003841, -0.976774
7912941, -3.141593, -0.009853, -0.981492, -0.007739, -0.980085
7918048, -3.141593, -0.013999, -0.985029, -0.007446, -0.988557
7923165, -3.141593, -0.014532, -0.977066, -0.003374, -0.985355
7928276, -3.141593, -0.004582, -0.978239, -0.013308, -0.983856
7933386, -3.141593, -0.007177, -0.984811, -0.011667, -0.982597
7938497, -3.141593, -0.012516, -0.981230, -0.012801, -0.982370
7943607, -3.141593, -0.006255, -0.979780, -0.003432, -0.982208
7948719, -3.141593, -0.003877, -0.978632, -0.009677, -0.975853
7953833, -3.141593, -0.006561, -0.979995, -0.010104, -0.978093
7958944, -3.141593, -0.006533, -0.978366, -0.001763, -0.979322
7964056, -3.141593, -0.008747, -0.980959, -0.004632, -0.982250
7969167, -3.141593, -0.008677, -0.977073, 0.001825, -0.979016
7974275, -3.141593, -0.004290, -0.975727, -0.004992, -0.978076
7979385, -3.141593, -0.009170, -0.983385, -0.005445, -0.986233
7984495, -3.141593, -0.008840, -0.981977, -0.001000, -0.979163
7989604, -3.141593, -0.008946, -0.979331, -0.003044, -0.977824
7994714, -3.141593, -0.007127, -0.976274, -0.007749, -0.981411
7999826, -3.141593, -0.000993, -0.981009, -0.009533, -0.982768
8004934, -3.141593, -0.001829, -0.983894, -0.001780, -0.978763
8010046, -3.141593, -0.001251, -0.981282, 0.003254, -0.987087
8015156, -3.141593, -0.002359, -0.977734, -0.012896, -0.980480
8020270, -3.141593, -0.009635, -0.980185, -0.011416, -0.980989
8025378, -3.141593, -0.014028, -0.981335, -0.008814, -0.982952
8030493, -3.141593, -0.005511, -0.973896, -0.006991, -0.980213
8035603, -3.141593, -0.009213, -0.975025, -0.003881, -0.970388
8040712, -3.141593, -0.004967, -0.983785, -0.009761, -0.981059
8045821, -3.141593, -0.007129, -0.984356, -0.003563, -0.987439
8050930, -3.141593, -0.006737, -0.981492, -0.007737, -0.976923
8056042, -3.141593, -0.013073, -0.978655, -0.011906, -0.973046
8061151, -3.141593, -0.006248, -0.983009, -0.016481, -0.978191
8066262, -3.141593, -0.010688, -0.978110, -0.012144, -0.983415
8071374, -3.141593, -0.002623, -0.979135, 0.001002, -0.986546
8076482, -3.141593, -0.006650, -0.975523, -0.004561, -0.977341
8081596, -3.141593, -0.006910, -0.975358, -0.005152, -0.983897
8086707, -3.141593, -0.005001, -0.987107, -0.000069, -0.977914
8091814, -3.141593, -0.005843, -0.982934, 0.003037, -0.973603
8096923, -3.141593, -0.005856, -0.981916, 0.001701, -0.975647
8102035, -3.141593, -0.007614, -0.973980, -0.011825, -0.976264
8107144, -3.141593, -0.008720, -0.986956, -0.006421, -0.983302
8112254, -3.141593, -0.009825, -0.978793, -0.006266, -0.980572
8117365, -3.141593, -0.002282, -0.974636, -0.007094, -0.976983
8122478, -3.141593, -0.006399, -0.977685, -0.013196, -0.979374
8127591, -3.141593, -0.005992, -0.976175, -0.009357, -0.974433
8132700, -3.141593, -0.012964, -0.978897, -0.019882, -0.977716
8137814, -3.141593, -0.005733, -0.976950, -0.015165, -0.976057
8142925, -3.141593, -0.007404, -0.977722, -0.011632, -0.980788
8148037, -3.141593, -0.006212, -0.979965, -0.004611, -0.982787
8153145, -3.141593, -0.007213, -0.980321, -0.003983, -0.977468
8158253, -3.141593, -0.005174, -0.976460, -0.000599, -0.980845
8163363, -3.141593, -0.002782, -0.976405, -0.005941, -0.975080
8168477, -3.141593, 0.002463, -0.981364, -0.012528, -0.971413
8173590, -3.141593, -0.002622, -0.981504, -0.004152, -0.978771
8178699, -3.141593, -0.004754, -0.983644, -0.004362, -0.976702
8183811, -3.141593, -0.005163, -0.979204, -0.016812, -0.979099
8188922, -3.141593, -0.005887, -0.978768, -0.014474, -0.970052
8194039, -3.141593, -0.002164, -0.984307, -0.009707, -0.984770
8199147, -3.141593, -0.003017, -0.979521, -0.011201, -0.979388
8204257, -3.141593, -0.006302, -0.978608, -0.007164, -0.977970
8209366, -3.141593, -0.002397, -0.981471, -0.013938, -0.972065
8214479, -3.141593, -0.006554, -0.982282, -0.011799, -0.979908
8219591, -3.141593, -0.008843, -0.980227, -0.001607, -0.978781
8224701, -3.141593, -0.011532, -0.971767, -0.006452, -0.973305
8229815, -3.141593, -0.006316, -0.974520, -0.008543, -0.977434
8234925, -3.141593, -0.010588, -0.979300, -0.005732, -0.977616
8240036, -3.141593, -0.004593, -0.980461, -0.001182, -0.976024
8245145, -3.141593, 0.000565, -0.981007, -0.006032, -0.976475
8250253, -3.141593, -0.003227, -0.975390, -0.011793, -0.973569
8255365, -3.141593, -0.007070, -0.978173, -0.005453, -0.979591
8260475, -3.141593, -0.007172, -0.981151, -0.003695, -0.978400
8265587, -3.141593, -0.006569, -0.981142, -0.010539, -0.974588
8270700, -3.141593, -0.007973, -0.982633, -0.015698, -0.974713
8275813, -3.141593, -0.013705, -0.980383, -0.008562, -0.981425
8280928, -3.141593, -0.013646, -0.975542, -0.004138, -0.973988
8286044, -3.141593, -0.006860, -0.975325, -0.007214, -0.972639
8291156, -3.141593, -0.010292, -0.976375, -0.012550, -0.979645
8296268, -3.141593, -0.011174, -0.975005, -0.002711, -0.981866
8301376, -3.141593, -0.006626, -0.977502, 0.002205, -0.978631
8306487, -3.141593, -0.007469, -0.979747, -0.006218, -0.977139
8311596, -3.141593, -0.003300, -0.982545, -0.008248, -0.981957
8316712, -3.141593, -0.013507, -0.979517, -0.012226, -0.974139
8321826, -3.141593, -0.006844, -0.981789, -0.003876, -0.976251
8326934, -3.141593, -0.003987, -0.985952, -0.003067, -0.978369
8332048, -3.141593, -0.008496, -0.978022, -0.006065, -0.979501
8337156, -3.141593, -0.005508, -0.979641, -0.007923, -0.976697
8342264, -3.141593, -0.006219, -0.981090, -0.002925, -0.975072
8347371, -3.141593, -0.006784, -0.974933, -0.001635, -0.975827
8352483, -3.141593, -0.006745, -0.977235, -0.002880, -0.980959
8357595, -3.141593, -0.001693, -0.978358, -0.004243, -0.978350
8362708, -3.141593, -0.005479, -0.976917, -0.005583, -0.980085
8367816, -3.141593, -0.004888, -0.976975, -0.003066, -0.971795
8372928, -3.141593, -0.008775, -0.974044, -0.013688, -0.968397
8378045, -3.141593, -0.005819, -0.981621, -0.010050, -0.966247
8383156, -3.141593, -0.007488, -0.979779, -0.008141, -0.975853
8388266, -3.141593, -0.003044, -0.979632, -0.003759, -0.978574
8393384, -3.141593, -0.006048, -0.978766, -0.000591, -0.980568
8398491, -3.141593, -0.004512, -0.985631, -0.012164, -0.983360
8403603, -3.141593, -0.010911, -0.983557, -0.005913, -0.982996
8408716, -3.141593, -0.003115, -0.979531, -0.003614, -0.976944
8413824, -3.141593, -0.005620, -0.978896, -0.002955, -0.977159
8418934, -3.141593, -0.004216, -0.980764, -0.009071, -0.975575
8424045, -3.141593, -0.005652, -0.979407, -0.004453, -0.979262
8429155, -3.141593, -0.005959, -0.978508, -0.001462, -0.975062
8434265, -3.141593, -0.005924, -0.982016, -0.006037, -0.972006
8439372, -3.141593, -0.006601, -0.977354, -0.004811, -0.982109
8444479, -3.141593, -0.005121, -0.978216, -0.004797, -0.975833
8449590, -3.141593, -0.005198, -0.981386, -0.006529, -0.978496
8454704, -3.141593, -0.006976, -0.979411, -0.008337, -0.976729
8459814, -3.141593, -0.005671, -0.973424, -0.010190, -0.982726
8464929, -3.141593, -0.003077, -0.976103, -0.009689, -0.981438
8470040, -3.141593, -0.007093, -0.980842, -0.000711, -0.977927
8475147, -3.141593, -0.005849, -0.974584, 0.001357, -0.975726
8480258, -3.141593, 0.000159, -0.976158, -0.008700, -0.970449
8485367, -3.141593, -0.004710, -0.983416, -0.011435, -0.979727
8490480, -3.141593, -0.011255, -0.982898, -0.005619, -0.978898
8495594, -3.141593, -0.014155, -0.971715, 0.000557, -0.979920
8500707, -3.141593, -0.009957, -0.972322, -0.010087, -0.977521
8505817, -3.141593, -0.007821, -0.980222, -0.007939, -0.975040
8510926, -3.141593, -0.004478, -0.984714, -0.006483, -0.972664
8516035, -3.141593, -0.003200, -0.984534, -0.000542, -0.973923
8521144, -3.141593, -0.006312, -0.981212, -0.006604, -0.974567
8526253, -3.141593, -0.007136, -0.979674, -0.006342, -0.980691
8531364, -3.141593, -0.009106, -0.982680, -0.009467, -0.982991
8536473, -3.141593, -0.006686, -0.976270, -0.008209, -0.969499
8541587, -3.141593, -0.004486, -0.981863, -0.002208, -0.978519
8546698, -3.141593, -0.009540, -0.982599, -0.008005, -0.977748
8551808, -3.141593, -0.004882, -0.982811, -0.008149, -0.976297
8556921, -3.141593, -0.005111, -0.983571, -0.008176, -0.977737
8562033, -3.141593, -0.009812, -0.977602, -0.006855, -0.973490
8567142, -3.141593, -0.003997, -0.978128, -0.011147, -0.972572
8572253, -3.141593, -0.004636, -0.980837, -0.009949, -0.977425
8577361, -3.141593, -0.005447, -0.981608, -0.008744, -0.984830
8582473, -3.141593, -0.006617, -0.972800, -0.007482, -0.981000
8587584, -3.141593, -0.009406, -0.975218, -0.011950, -0.971553
8592695, -3.141593, -0.004833, -0.980573, -0.006869, -0.978025
8597801, -3.141593, -0.001517, -0.980338, -0.005920, -0.980641
8602908, -3.141593, -0.001938, -0.981530, -0.000471, -0.977191
8608017, -3.141593, -0.002351, -0.977949, -0.011556, -0.972903
8613131, -3.141593, -0.003916, -0.979932, -0.006575, -0.983335
8618240, -3.141593, -0.005090, -0.978780, -0.002025, -0.988617
8623348, -3.141593, -0.001762, -0.978772, -0.002032, -0.977360
8628460, -3.141593, -0.008343, -0.978343, -0.010289, -0.975389
8633575, -3.141593, -0.016211, -0.970540, -0.007708, -0.977483
8638687, -3.141593, -0.008373, -0.976047, -0.001083, -0.982804
8643798, -3.141593, -0.007215, -0.977973, -0.015239, -0.972079
8648908, -3.141593, -0.003412, -0.978992, -0.017530, -0.975268
8654020, -3.141593, -0.006085, -0.980527, -0.011149, -0.982535
8659133, -3.141593, -0.005756, -0.976958, -0.004958, -0.983447
8664248, -3.141593, -0.002906, -0.976165, 0.002326, -0.980856
8669357, -3.141593, -0.004263, -0.979894, -0.004003, -0.980831
8674468, -3.141593, -0.007035, -0.977984, -0.002488, -0.982984
8679581, -3.141593, -0.007274, -0.977980, 0.001328, -0.988447
8684690, -3.141593, -0.012295, -0.981415, 0.000525, -0.979079
8689804, -3.141593, -0.004870, -0.976794, -0.007574, -0.977271
8694919, -3.141593, -0.006681, -0.981537, -0.008636, -0.977380
8700029, -3.141593, -0.008202, -0.984772, -0.003521, -0.981861
8705142, -3.141593, -0.006365, -0.982464, -0.001607, -0.975361
8710252, -3.141593, -0.007449, -0.977870, -0.003063, -0.967715
8715363, -3.141593, -0.010877, -0.977500, -0.002324, -0.979632
8720472, -3.141593, -0.008826, -0.982347, -0.002563, -0.980866
8725585, -3.141593, -0.007877, -0.976252, -0.004268, -0.970954
8730698, -3.141593, -0.006766, -0.975737, -0.008771, -0.973974
8735811, -3.141593, -0.011182, -0.978750, -0.007520, -0.979055
8740922, -3.141593, -0.016627, -0.975584, -0.003322, -0.979113
8746038, -3.141593, -0.008950, -0.972281, 0.003025, -0.977598
8751148, -3.141593, -0.005922, -0.977272, -0.003522, -0.976201
8756257, -3.141593, -0.008411, -0.975396, -0.005146, -0.974809
8761367, -3.141593, -0.003595, -0.980839, 0.001432, -0.981144
8766476, -3.141593, -0.002408, -0.980186, -0.001742, -0.977965
8771584, -3.141593, -0.007795, -0.981446, -0.001161, -0.968767
8776694, -3.141593, -0.006016, -0.976524, -0.005916, -0.971070
8781806, -3.141593, -0.008493, -0.979298, -0.002379, -0.983137
8786917, -3.141593, -0.005162, -0.980534, -0.001370, -0.982432
8792029, -3.141593, -0.011427, -0.974533, -0.000529, -0.980355
8797138, -3.141593, -0.004865, -0.974816, -0.010203, -0.978946
8802253, -3.141593, -0.001223, -0.981244, -0.009215, -0.973935
8807363, -3.141593, -0.002465, -0.985161, 0.002939, -0.974994
8812476, -3.141593, -0.005436, -0.974593, -0.002447, -0.973847
8817590, -3.141593, -0.005976, -0.975012, -0.008832, -0.973495
8822700, -3.141593, -0.004534, -0.981488, -0.008166, -0.976580
8827810, -3.141593, -0.004721, -0.982670, -0.004003, -0.981307
8832921, -3.141593, -0.011380, -0.977125, 0.000443, -0.987242
8838034, -3.141593, -0.010128, -0.974620, -0.009366, -0.971598
8843145, -3.141593, -0.008760, -0.979023, -0.010235, -0.978631
8848256, -3.141593, -0.011400, -0.966100, -0.005734, -0.981087
8853365, -3.141593, -0.000175, -0.971790, -0.006165, -0.982759
8858473, -3.141593, -0.004004, -0.974904, -0.004049, -0.975003
8863584, -3.141593, -0.014275, -0.980488, -0.012536, -0.974014
8868696, -3.141593, -0.007702, -0.980055, -0.015809, -0.970480
8873803, -3.141593, -0.004151, -0.979535, -0.010265, -0.972573
8878915, -3.141593, -0.007113, -0.977707, -0.006099, -0.975914
8884026, -3.141593, -0.008504, -0.975231, -0.007100, -0.981146
8889137, -3.141593, -0.013162, -0.980858, -0.005376, -0.983625
8894251, -3.141593, -0.006470, -0.982249, -0.001196, -0.972050
8899362, -3.141593, -0.010347, -0.983666, -0.006111, -0.969381
8904473, -3.141593, -0.009677, -0.980310, -0.009176, -0.970623
8909588, -3.141593, -0.006280, -0.982432, -0.000140, -0.982106
8914699, -3.141593, -0.005156, -0.982660, -0.002132, -0.980480
8919809, -3.141593, -0.003142, -0.978099, -0.001983, -0.971796
8924919, -3.141593, -0.006622, -0.979446, -0.007224, -0.972963
8930029, -3.141593, -0.010790, -0.983080, -0.009723, -0.974821
8935140, -3.141593, -0.009304, -0.983746, -0.003867, -0.980488
8940250, -3.141593, -0.010342, -0.974124, -0.003315, -0.975160
8945361, -3.141593, -0.009825, -0.977890, -0.010487, -0.973643
8950476, -3.141593, -0.006788, -0.985873, -0.007786, -0.979002
8955588, -3.141593, -0.001169, -0.973753, 0.000781, -0.983775
8960696, -3.141593, -0.004623, -0.975356, -0.005427, -0.976350
8965807, -3.141593, -0.008517, -0.973223, -0.006042, -0.970015
8970916, -3.141593, -0.011029, -0.974121, -0.004989, -0.975753
8976026, -3.141593, -0.004531, -0.979753, -0.004035, -0.985342
8981136, -3.141593, -0.004980, -0.979783, -0.000180, -0.980473
8986246, -3.141593, -0.002913, -0.984468, -0.005207, -0.982611
8991355, -3.141593, -0.007893, -0.982441, -0.006796, -0.983752
8996463, -3.141593, -0.009509, -0.980682, -0.005046, -0.978085
9001572, -3.141593, -0.006739, -0.980998, 0.004046, -0.973466
9006687, -3.141593, -0.009071, -0.977756, -0.005707, -0.982103
9011795, -3.141593, -0.006916, -0.984769, -0.005345, -0.977139
9016909, -3.141593, -0.008914, -0.983870, -0.010909, -0.976334
9022024, -3.141593, -0.006030, -0.983696, 0.000310, -0.983740
9027135, -3.141593, -0.005783, -0.981305, -0.006708, -0.971484
9032244, -3.141593, -0.004631, -0.977425, -0.012379, -0.969575
9037355, -3.141593, -0.006316, -0.980373, -0.008366, -0.977694
9042466, -3.141593, -0.006491, -0.983517, -0.002526, -0.980700
9047582, -3.141593, -0.004603, -0.981151, -0.004977, -0.985360
9052690, -3.141593, -0.006456, -0.977549, -0.008636, -0.979209
9057801, -3.141593, -0.008290, -0.985970, -0.010827, -0.978380
9062910, -3.141593, -0.009899, -0.980067, -0.000903, -0.976277
9068019, -3.141593, -0.003106, -0.980783, -0.002696, -0.978366
9073131, -3.141593, -0.007201, -0.979743, -0.008470, -0.973332
9078241, -3.141593, -0.005343, -0.977206, -0.013005, -0.970380
9083352, -3.141593, -0.004460, -0.977749, -0.002740, -0.979858
9088463, -3.141593, -0.008042, -0.979816, -0.000605, -0.973752
9093572, -3.141593, -0.012655, -0.979801, -0.008252, -0.972249
9098684, -3.141593, -0.010481, -0.979609, -0.007539, -0.977723
9103799, -3.141593, -0.003798, -0.979899, -0.004449, -0.977310
9108910, -3.141593, -0.007821, -0.982239, -0.005101, -0.979780
9114022, -3.141593, -0.005911, -0.982008, -0.011034, -0.974525
9119134, -3.141593, -0.006026, -0.980433, -0.005763, -0.981387
9124247, -3.141593, -0.004304, -0.981416, -0.003902, -0.974679
9129357, -3.141593, -0.008323, -0.980181, 0.001553, -0.973137
9134475, -3.141593, -0.008353, -0.972423, -0.003844, -0.971395
9139585, -3.141593, -0.005136, -0.979413, -0.013120, -0.974694
9144696, -3.141593, -0.004274, -0.984328, -0.003186, -0.983292
9149807, -3.141593, -0.003750, -0.979910, -0.000333, -0.977784
9154919, -3.141593, -0.002770, -0.976374, -0.008557, -0.978372
9160032, -3.141593, -0.007401, -0.978296, -0.008603, -0.975640
9165141, -3.141593, -0.005571, -0.985898, -0.003321, -0.984660
9170250, -3.141593, -0.003411, -0.978966, 0.000985, -0.971990
9175360, -3.141593, -0.010106, -0.970675, -0.008537, -0.962804
9180471, -3.141593, -0.008677, -0.977697, -0.014040, -0.973954
9185581, -3.141593, -0.005190, -0.985287, -0.011057, -0.975640
9190692, -3.141593, -0.009000, -0.982546, -0.004963, -0.981775
9195801, -3.141593, -0.004019, -0.984415, -0.008896, -0.974971
9200909, -3.141593, -0.005006, -0.984872, -0.015033, -0.975832
9206017, -3.141593, -0.001361, -0.986005, -0.009238, -0.981632
9211128, -3.141593, -0.001967, -0.976407, 0.002588, -0.988679
9216239, -3.141593, -0.003066, -0.974926, -0.000881, -0.984275
9221350, -3.141593, -0.001493, -0.977471, 0.001759, -0.981728
9226462, -3.141593, -0.010021, -0.982786, -0.007930, -0.982484
9231570, -3.141593, -0.005575, -0.985580, -0.007286, -0.981362
9236679, -3.141593, -0.007620, -0.982682, -0.004109, -0.972457
9241788, -3.141593, -0.004496, -0.975690, -0.007444, -0.973156
9246901, -3.141593, 0.004185, -0.974931, -0.003321, -0.972683
9252010, -3.141593, 0.013041, -0.979609, -0.002179, -0.970092
9257121, -3.141593, 0.010902, -0.969725, -0.001576, -0.971469
9262231, -3.141593, 0.007053, -0.972616, 0.001989, -0.976840
9267343, -3.141593, 0.019775, -0.980416, -0.001828, -0.972558
9272454, -3.140964, 0.030615, -0.983963, 0.001285, -0.977334
9277574, -3.140964, 0.057786, -0.971541, 0.013577, -0.973034
9282691, -3.140336, 0.068607, -0.968486, 0.025116, -0.968526
9287806, -3.139708, 0.080801, -0.974026, 0.021303, -0.964961
9292918, -3.139079, 0.095662, -0.966552, 0.031012, -0.963309
9298039, -3.138451, 0.118366, -0.958649, 0.044701, -0.962566
9303159, -3.137194, 0.138989, -0.961835, 0.042716, -0.957609
9308277, -3.135938, 0.153479, -0.965379, 0.043174, -0.959884
9313396, -3.134681, 0.160858, -0.966235, 0.048391, -0.957252
9318512, -3.132796, 0.173268, -0.960044, 0.062522, -0.958278
9323635, -3.130283, 0.185689, -0.957966, 0.061492, -0.958908
9328760, -3.128398, 0.205798, -0.963211, 0.061583, -0.954220
9333875, -3.125256, 0.224413, -0.966647, 0.077611, -0.950841
9338995, -3.122115, 0.236551, -0.964656, 0.086627, -0.950038
9344113, -3.118973, 0.240340, -0.953012, 0.092180, -0.949748
9349235, -3.115203, 0.245564, -0.956856, 0.092949, -0.951104
9354355, -3.111433, 0.255830, -0.964353, 0.097451, -0.956360
9359477, -3.107035, 0.262815, -0.968087, 0.106033, -0.952491
9364591, -3.102009, 0.262532, -0.958849, 0.111355, -0.948368
9369707, -3.096982, 0.255815, -0.971708, 0.105803, -0.954278
9374823, -3.091955, 0.253962, -0.973929, 0.108069, -0.957086
9379937, -3.086301, 0.256549, -0.977366, 0.116565, -0.969578
9385058, -3.080646, 0.251875, -0.975266, 0.124402, -0.965290
9390173, -3.074363, 0.251064, -0.979849, 0.122192, -0.965877
9395289, -3.068079, 0.241989, -0.988121, 0.120748, -0.960715
9400404, -3.061168, 0.248013, -0.993438, 0.133436, -0.961110
9405519, -3.054256, 0.253613, -0.991067, 0.142818, -0.958635
9410636, -3.047345, 0.255145, -0.988554, 0.141478, -0.962004
9415759, -3.039805, 0.251251, -0.993790, 0.144242, -0.967484
9420875, -3.032265, 0.248769, -0.990041, 0.155514, -0.969369
9425992, -3.024097, 0.251758, -0.996494, 0.163509, -0.963357
9431108, -3.016557, 0.247659, -0.996645, 0.161626, -0.968042
9436225, -3.008389, 0.254791, -0.999774, 0.167913, -0.967638
9441343, -2.999593, 0.255392, -1.003754, 0.175182, -0.972023
9446461, -2.991425, 0.262542, -1.010464, 0.196457, -0.972666
9451579, -2.982628, 0.257020, -0.999822, 0.193451, -0.970618
9456696, -2.973832, 0.272588, -1.001102, 0.196529, -0.973729
9461811, -2.964407, 0.278196, -1.006525, 0.208778, -0.960582
9466931, -2.954982, 0.288526, -0.995654, 0.223051, -0.962005
9472051, -2.946186, 0.305080, -0.998033, 0.234384, -0.964724
9477168, -2.936132, 0.312868, -1.003051, 0.248247, -0.963622
9482285, -2.926708, 0.332975, -1.007585, 0.254898, -0.960746
9487402, -2.916655, 0.341225, -1.000787, 0.267249, -0.963186
9492523, -2.906601, 0.356859, -0.999090, 0.270360, -0.955833
9497642, -2.895920, 0.358872, -1.003574, 0.266343, -0.958319
9502760, -2.885867, 0.365578, -1.008691, 0.281522, -0.958357
9507878, -2.875185, 0.370272, -1.009286, 0.302908, -0.952628
9512994, -2.863876, 0.376010, -1.005032, 0.310603, -0.948459
9518110, -2.853194, 0.373527, -1.009198, 0.309292, -0.946676
9523228, -2.841885, 0.371113, -1.020028, 0.318134, -0.951202
9528349, -2.831203, 0.381461, -1.010664, 0.335711, -0.949335
9533465, -2.819894, 0.386621, -1.002733, 0.345133, -0.944658
9538581, -2.807956, 0.381365, -1.002244, 0.338704, -0.947323
9543698, -2.796646, 0.383945, -1.006084, 0.353777, -0.945340
9548815, -2.785336, 0.382062, -0.997490, 0.364832, -0.944346
9553935, -2.773398, 0.395069, -0.997256, 0.371182, -0.931964
9559052, -2.762088, 0.396822, -1.001853, 0.370498, -0.925869
9564175, -2.750150, 0.398827, -1.002555, 0.384402, -0.928202
9569292, -2.738841, 0.402052, -1.001629, 0.399656, -0.925402
9574409, -2.726902, 0.404382, -0.983900, 0.408442, -0.920691
9579524, -2.714964, 0.411442, -0.984224, 0.420522, -0.921792
9584649, -2.703655, 0.430733, -0.988333, 0.426852, -0.914481
9589770, -2.691717, 0.445574, -0.985051, 0.447887, -0.907466
9594885, -2.679779, 0.458571, -0.970643, 0.460539, -0.898172
9600001, -2.667840, 0.475829, -0.967383, 0.466850, -0.893386
9605122, -2.655902, 0.482381, -0.963295, 0.476204, -0.893953
9610239, -2.643964, 0.498725, -0.957919, 0.493920, -0.889445
9615357, -2.632026, 0.517414, -0.954529, 0.505160, -0.871663
9620474, -2.620088, 0.520880, -0.943990, 0.508534, -0.870991
9625588, -2.608150, 0.517850, -0.951195, 0.507762, -0.873461
9630706, -2.596212, 0.527161, -0.946566, 0.522609, -0.863738
9635833, -2.584274, 0.532903, -0.935528, 0.536506, -0.855754
9640954, -2.572336, 0.541724, -0.925667, 0.540176, -0.855079
9646073, -2.559770, 0.547742, -0.926143, 0.544964, -0.847994
9651195, -2.547832, 0.555667, -0.917778, 0.558258, -0.840513
9656318, -2.535894, 0.558615, -0.904802, 0.574673, -0.832488
9661435, -2.523327, 0.561337, -0.889260, 0.574560, -0.815365
9666557, -2.511389, 0.573001, -0.902553, 0.582826, -0.814901
9671676, -2.499451, 0.583099, -0.902355, 0.598105, -0.804571
9676793, -2.487513, 0.596302, -0.877077, 0.614208, -0.796685
9681914, -2.474947, 0.614745, -0.859004, 0.631802, -0.790656
9687038, -2.463009, 0.626627, -0.852297, 0.634605, -0.795199
9692161, -2.451071, 0.633188, -0.859478, 0.649408, -0.792128
9697278, -2.438504, 0.638074, -0.840751, 0.653775, -0.773902
9702397, -2.426566, 0.645902, -0.840879, 0.657061, -0.757933
9707511, -2.414628, 0.663973, -0.849108, 0.673815, -0.760295
9712629, -2.402690, 0.671029, -0.836936, 0.687011, -0.753554
9717744, -2.390124, 0.687045, -0.834690, 0.690273, -0.744982
9722862, -2.378186, 0.694657, -0.817984, 0.702143, -0.723441
9727979, -2.365619, 0.700401, -0.822336, 0.705288, -0.734042
9733095, -2.353681, 0.701686, -0.810414, 0.705698, -0.727005
9738212, -2.341743, 0.713598, -0.767813, 0.718371, -0.712123
9743332, -2.329177, 0.705229, -0.757392, 0.720581, -0.697242
9748448, -2.317239, 0.699629, -0.756738, 0.721135, -0.684726
9753568, -2.305301, 0.698785, -0.764302, 0.735493, -0.698966
9758684, -2.293363, 0.708035, -0.739287, 0.746929, -0.678889
9763801, -2.281425, 0.696012, -0.739918, 0.751832, -0.658752
9768920, -2.269486, 0.701810, -0.744142, 0.758571, -0.657435
9774040, -2.257549, 0.720413, -0.735770, 0.751865, -0.651067
9779165, -2.245610, 0.719043, -0.712550, 0.761525, -0.643104
9784281, -2.234301, 0.729633, -0.680885, 0.773308, -0.634213
9789401, -2.222991, 0.721764, -0.731135, 0.789769, -0.634337
9794516, -2.211681, 0.739592, -0.719546, 0.789288, -0.622320
9799636, -2.199743, 0.762824, -0.671460, 0.800667, -0.615569
9804755, -2.188433, 0.769548, -0.662222, 0.801764, -0.598756
9809874, -2.177124, 0.779854, -0.637812, 0.810589, -0.575071
9814992, -2.166442, 0.781663, -0.642323, 0.821677, -0.576945
9820112, -2.155133, 0.794742, -0.619177, 0.817242, -0.573567
9825231, -2.143823, 0.789955, -0.597425, 0.823015, -0.547692
9830350, -2.133142, 0.771537, -0.630154, 0.820897, -0.529933
9835467, -2.121832, 0.767293, -0.651717, 0.826526, -0.527347
9840589, -2.111150, 0.797145, -0.616123, 0.843489, -0.539179
9845709, -2.100469, 0.793002, -0.548866, 0.864206, -0.509298
9850824, -2.089787, 0.768637, -0.568413, 0.843091, -0.503422
9855944, -2.079106, 0.781202, -0.590802, 0.840985, -0.492275
9861062, -2.069053, 0.773194, -0.594705, 0.848654, -0.509118
9866178, -2.059000, 0.734998, -0.612611, 0.843432, -0.476947
9871296, -2.048947, 0.745162, -0.613604, 0.861874, -0.492323
9876415, -2.038894, 0.755998, -0.580873, 0.847291, -0.459420
9881538, -2.029469, 0.755256, -0.534017, 0.860449, -0.459579
9886655, -2.020044, 0.746632, -0.544837, 0.846021, -0.440913
9891771, -2.010619, 0.750589, -0.529650, 0.862548, -0.430082
9896886, -2.001194, 0.759201, -0.521636, 0.877710, -0.423982
9902002, -1.992398, 0.786423, -0.429216, 0.889793, -0.435027
9907119, -1.983602, 0.767777, -0.456993, 0.883413, -0.412538
9912238, -1.975433, 0.781586, -0.393834, 0.881549, -0.389157
9917362, -1.966637, 0.769242, -0.402034, 0.875583, -0.396623
9922485, -1.958469, 0.779142, -0.389098, 0.872971, -0.398278
9927605, -1.950929, 0.762508, -0.403768, 0.876369, -0.365242
9932724, -1.942761, 0.746426, -0.409769, 0.861399, -0.358380
9937839, -1.935849, 0.740973, -0.382475, 0.875631, -0.362380
9942956, -1.928310, 0.746492, -0.389886, 0.879782, -0.370092
9948078, -1.921398, 0.750760, -0.374254, 0.878249, -0.358640
9953196, -1.915115, 0.746093, -0.360701, 0.871154, -0.338228
9958310, -1.908203, 0.737574, -0.375545, 0.866949, -0.328994
9963428, -1.902549, 0.733662, -0.391638, 0.875513, -0.333522
9968557, -1.896894, 0.736841, -0.366520, 0.882932, -0.334884
9973674, -1.891239, 0.740577, -0.329935, 0.880683, -0.299074
9978788, -1.885584, 0.742325, -0.325778, 0.885593, -0.296123
9983904, -1.881186, 0.746400, -0.327869, 0.887096, -0.300170
9989019, -1.876159, 0.747305, -0.320734, 0.886239, -0.290969
9994136, -1.871761, 0.745827, -0.302746, 0.893204, -0.275488
9999258, -1.867991, 0.744794, -0.295290, 0.890182, -0.280303
10004373, -1.864221, 0.748842, -0.302893, 0.884028, -0.283527
10009491, -1.860451, 0.756854, -0.300434, 0.886938, -0.279772
10014613, -1.857310, 0.753575, -0.291929, 0.892681, -0.266349
10019731, -1.854168, 0.749762, -0.287592, 0.895454, -0.264791
10024851, -1.851655, 0.745642, -0.297098, 0.894017, -0.273912
10029969, -1.849141, 0.753066, -0.292755, 0.902234, -0.280051
10035084, -1.846628, 0.760042, -0.275171, 0.895131, -0.264169
10040199, -1.844743, 0.756979, -0.262359, 0.896224, -0.259301
10045318, -1.843487, 0.756621, -0.273119, 0.895201, -0.270923
10050433, -1.842230, 0.763532, -0.278195, 0.895976, -0.264872
10055554, -1.840973, 0.771653, -0.267724, 0.901676, -0.250296
10060674, -1.840345, 0.771952, -0.254696, 0.908083, -0.240637
10065790, -1.839717, 0.780068, -0.257032, 0.913168, -0.249434
10070903, -1.839088, 0.788575, -0.261276, 0.908499, -0.260474
10076019, -1.839088, 0.790857, -0.251272, 0.917797, -0.245808
10081137, -1.839088, 0.801325, -0.246734, 0.916882, -0.239158
10086257, -1.839717, 0.809981, -0.253699, 0.915547, -0.241058
10091372, -1.839717, 0.825569, -0.267964, 0.928971, -0.253614
10096492, -1.840345, 0.842064, -0.260753, 0.931101, -0.245314
10101612, -1.841602, 0.844828, -0.252847, 0.929166, -0.244227
10106733, -1.842230, 0.858946, -0.255430, 0.938192, -0.250659
10111850, -1.843487, 0.871385, -0.271972, 0.942586, -0.257774
10116967, -1.844115, 0.888067, -0.263590, 0.943417, -0.246330
10122083, -1.845371, 0.901087, -0.233811, 0.948803, -0.225895
10127199, -1.846628, 0.911188, -0.232514, 0.941923, -0.235518
10132318, -1.848513, 0.921435, -0.254785, 0.944290, -0.253746
10137435, -1.849770, 0.939781, -0.249959, 0.965015, -0.245899
10142553, -1.851026, 0.937188, -0.247744, 0.960234, -0.242793
10147671, -1.852283, 0.944092, -0.260910, 0.959537, -0.245129
10152790, -1.853540, 0.944287, -0.266657, 0.956872, -0.250357
10157906, -1.855425, 0.945768, -0.261858, 0.966444, -0.245401
10163025, -1.856681, 0.954822, -0.255222, 0.958658, -0.237538
10168145, -1.857938, 0.970071, -0.266231, 0.956188, -0.243954
10173262, -1.859195, 0.967364, -0.276812, 0.968747, -0.261230
10178383, -1.861079, 0.966242, -0.270939, 0.967653, -0.262758
10183500, -1.862336, 0.966070, -0.257200, 0.967902, -0.250197
10188619, -1.863593, 0.960867, -0.260609, 0.971588, -0.247031
10193737, -1.864849, 0.968083, -0.268666, 0.961232, -0.257325
10198854, -1.866106, 0.970904, -0.268269, 0.972831, -0.251160
10203973, -1.867363, 0.969884, -0.260012, 0.963573, -0.247771
10209089, -1.868619, 0.969708, -0.259289, 0.962857, -0.245326
10214208, -1.869248, 0.969747, -0.271805, 0.967107, -0.251125
10219325, -1.870504, 0.973473, -0.278466, 0.967153, -0.263313
10224439, -1.871761, 0.973662, -0.268237, 0.975972, -0.255380
10229554, -1.873018, 0.967108, -0.261885, 0.967862, -0.250647
10234675, -1.873646, 0.966190, -0.274276, 0.965979, -0.258301
10239791, -1.874902, 0.969568, -0.286752, 0.969252, -0.269523
10244910, -1.875531, 0.969649, -0.278119, 0.967629, -0.261277
10250026, -1.876787, 0.971732, -0.270462, 0.958937, -0.246836
10255143, -1.877416, 0.967450, -0.273304, 0.957581, -0.257552
10260262, -1.878044, 0.975722, -0.287874, 0.963743, -0.264598
10265380, -1.878672, 0.982652, -0.275127, 0.975276, -0.261082
10270496, -1.879929, 0.979552, -0.269711, 0.972934, -0.250277
10275613, -1.880557, 0.984112, -0.276906, 0.965712, -0.257584
10280731, -1.881186, 0.985575, -0.287594, 0.975424, -0.269491
10285850, -1.881186, 0.990248, -0.281031, 0.972275, -0.263799
10290962, -1.881814, 0.992140, -0.269432, 0.972033, -0.255655
10296079, -1.882442, 0.991972, -0.275704, 0.971817, -0.258597
10301198, -1.882442, 0.994046, -0.287479, 0.968933, -0.266650
10306314, -1.883071, 0.988135, -0.283267, 0.969675, -0.267339
10311428, -1.883071, 0.994424, -0.275619, 0.966011, -0.257147
10316540, -1.883071, 0.993390, -0.275092, 0.969350, -0.264739
10321662, -1.883071, 0.995152, -0.281185, 0.974002, -0.268441
10326780, -1.883071, 0.990878, -0.283718, 0.971359, -0.271811
10331897, -1.883071, 0.987435, -0.269761, 0.977467, -0.266978
10337014, -1.883071, 0.983691, -0.273957, 0.965176, -0.261100
10342133, -1.883071, 0.978528, -0.285087, 0.963602, -0.274479
10347248, -1.883071, 0.980037, -0.290215, 0.963451, -0.271453
10352359, -1.882442, 0.972161, -0.272373, 0.958041, -0.255369
10357478, -1.882442, 0.961727, -0.271706, 0.960783, -0.253972
10362599, -1.881814, 0.955925, -0.279893, 0.959074, -0.267238
10367717, -1.881814, 0.955099, -0.287686, 0.959828, -0.273494
10372835, -1.881186, 0.948055, -0.270665, 0.960486, -0.270353
10377951, -1.881186, 0.940468, -0.276343, 0.952950, -0.256536
10383073, -1.880557, 0.935551, -0.283405, 0.950642, -0.275984
10388191, -1.880557, 0.941507, -0.298640, 0.953128, -0.274890
10393309, -1.879929, 0.942952, -0.281651, 0.953434, -0.263657
10398427, -1.879929, 0.940184, -0.276827, 0.950769, -0.262152
10403544, -1.879929, 0.938309, -0.287671, 0.945682, -0.272076
10408664, -1.879301, 0.943471, -0.292509, 0.949868, -0.283785
10413780, -1.879301, 0.944291, -0.278059, 0.955148, -0.262976
10418895, -1.878672, 0.942633, -0.270419, 0.948073, -0.256347
10424015, -1.878672, 0.940118, -0.276515, 0.946158, -0.265706
10429134, -1.878672, 0.944103, -0.279321, 0.948570, -0.265510
10434250, -1.878044, 0.948656, -0.271177, 0.947970, -0.256485
10439368, -1.878044, 0.946096, -0.270475, 0.956586, -0.256763
10444487, -1.877416, 0.949451, -0.278985, 0.953012, -0.263907
10449603, -1.877416, 0.947244, -0.291397, 0.955245, -0.271879
10454721, -1.877416, 0.953589, -0.286065, 0.962718, -0.271791
10459838, -1.876787, 0.948155, -0.271819, 0.958333, -0.256628
10464961, -1.876787, 0.950004, -0.276837, 0.960400, -0.267202
10470076, -1.876159, 0.951076, -0.278975, 0.954226, -0.277207
10475199, -1.876159, 0.954058, -0.282375, 0.952959, -0.266009
10480314, -1.875531, 0.953495, -0.268333, 0.956304, -0.257501
10485434, -1.875531, 0.956800, -0.271397, 0.954078, -0.248173
10490548, -1.874902, 0.957846, -0.278024, 0.956398, -0.267204
10495665, -1.874902, 0.962734, -0.274878, 0.954039, -0.263841
10500783, -1.874274, 0.961917, -0.265813, 0.960725, -0.257062
10505898, -1.874274, 0.956055, -0.263680, 0.955091, -0.250954
10511014, -1.873646, 0.960369, -0.280968, 0.954546, -0.263096
10516133, -1.873018, 0.950831, -0.280225, 0.955382, -0.262038
10521249, -1.873018, 0.952536, -0.263390, 0.955607, -0.255687
10526366, -1.872389, 0.950795, -0.262507, 0.953246, -0.255109
10531484, -1.871761, 0.947142, -0.278178, 0.956829, -0.274447
10536606, -1.871761, 0.951115, -0.277213, 0.964602, -0.270607
10541723, -1.871133, 0.952080, -0.265973, 0.962360, -0.256204
10546838, -1.870504, 0.943296, -0.268426, 0.957250, -0.256439
10551957, -1.870504, 0.938504, -0.279329, 0.951831, -0.262796
10557072, -1.869876, 0.935244, -0.277272, 0.953435, -0.268573
10562190, -1.869248, 0.942684, -0.268563, 0.952190, -0.256885
10567307, -1.869248, 0.938627, -0.260131, 0.958166, -0.256198
10572424, -1.868619, 0.943679, -0.271648, 0.949296, -0.260164
10577544, -1.867991, 0.945956, -0.280609, 0.959219, -0.256256
10582662, -1.867991, 0.949064, -0.265466, 0.959811, -0.250292
10587778, -1.867363, 0.942966, -0.258893, 0.960137, -0.241244
10592896, -1.867363, 0.947681, -0.264849, 0.955437, -0.254118
10598016, -1.866734, 0.946464, -0.277753, 0.955441, -0.266779
10603134, -1.866106, 0.951506, -0.268608, 0.958947, -0.256785
10608251, -1.866106, 0.947088, -0.264503, 0.961999, -0.243760
10613366, -1.865478, 0.947500, -0.272598, 0.954995, -0.258229
10618487, -1.865478, 0.944979, -0.280547, 0.962026, -0.272699
10623610, -1.864849, 0.946843, -0.273544, 0.960818, -0.254669
10628730, -1.864221, 0.945614, -0.263677, 0.963434, -0.254110
10633850, -1.864221, 0.948366, -0.269786, 0.958837, -0.252169
10638975, -1.863593, 0.946095, -0.274501, 0.961952, -0.263110
10644094, -1.863593, 0.943641, -0.267522, 0.959682, -0.260659
10649215, -1.862964, 0.937418, -0.258641, 0.949457, -0.245081
10654341, -1.862964, 0.936838, -0.260415, 0.955602, -0.253362
10659460, -1.862336, 0.934662, -0.271969, 0.951840, -0.270210
10664577, -1.862336, 0.931890, -0.263829, 0.946547, -0.257962
10669696, -1.862336, 0.932334, -0.255895, 0.955948, -0.245484
10674816, -1.861708, 0.929179, -0.258730, 0.954008, -0.249989
10679931, -1.861708, 0.926428, -0.272362, 0.960905, -0.257398
10685047, -1.861708, 0.930767, -0.272750, 0.953874, -0.255708
10690161, -1.861708, 0.932303, -0.262691, 0.958052, -0.251702
10695275, -1.861079, 0.933522, -0.263090, 0.945829, -0.244274
10700398, -1.861079, 0.930334, -0.274115, 0.947536, -0.253051
10705514, -1.861079, 0.935033, -0.282384, 0.953289, -0.260631
10710631, -1.861079, 0.933451, -0.267596, 0.954070, -0.251403
10715753, -1.861079, 0.935357, -0.255921, 0.958606, -0.247170
10720868, -1.861079, 0.937013, -0.270121, 0.953975, -0.254202
10725982, -1.861079, 0.937503, -0.276544, 0.966335, -0.260836
10731099, -1.861079, 0.946349, -0.262141, 0.962916, -0.252270
10736217, -1.861079, 0.945779, -0.257525, 0.962502, -0.243007
10741337, -1.861708, 0.947022, -0.267564, 0.957417, -0.248103
10746454, -1.861708, 0.951071, -0.269920, 0.958826, -0.255896
10751569, -1.861708, 0.952077, -0.263022, 0.964516, -0.253259
10756684, -1.861708, 0.954185, -0.257144, 0.957514, -0.237818
10761802, -1.861708, 0.949871, -0.262311, 0.962947, -0.249870
10766915, -1.861708, 0.953066, -0.268193, 0.964111, -0.254988
10772031, -1.861708, 0.960100, -0.264800, 0.962625, -0.242162
10777147, -1.861708, 0.959523, -0.256330, 0.959177, -0.243140
10782267, -1.861708, 0.959899, -0.263361, 0.960575, -0.247655
10787380, -1.861708, 0.959133, -0.269706, 0.963567, -0.258832
10792493, -1.861708, 0.963327, -0.261520, 0.961238, -0.245574
10797610, -1.861708, 0.960456, -0.255002, 0.966768, -0.244570
10802728, -1.861708, 0.954254, -0.255515, 0.959720, -0.247835
10807846, -1.861708, 0.962204, -0.270809, 0.965452, -0.258993
10812962, -1.861708, 0.960567, -0.270456, 0.963708, -0.260006
10818077, -1.861708, 0.951379, -0.259151, 0.963593, -0.250783
10823194, -1.861708, 0.948395, -0.259284, 0.958721, -0.248513
10828314, -1.861708, 0.938208, -0.275983, 0.955855, -0.254405
10833430, -1.861708, 0.937713, -0.270458, 0.954123, -0.253377
10838551, -1.861708, 0.937084, -0.260159, 0.958041, -0.250356
10843669, -1.861708, 0.940208, -0.261411, 0.958085, -0.252370
10848784, -1.861708, 0.939786, -0.263462, 0.956581, -0.254694
10853909, -1.861708, 0.950192, -0.272146, 0.962236, -0.254968
10859026, -1.861708, 0.946777, -0.257974, 0.957972, -0.240671
10864143, -1.861708, 0.951257, -0.253254, 0.960334, -0.249543
10869259, -1.861079, 0.956010, -0.260788, 0.958552, -0.255400
10874378, -1.861079, 0.960901, -0.266150, 0.956482, -0.256938
10879494, -1.861079, 0.960944, -0.255099, 0.960494, -0.246657
10884614, -1.861079, 0.960669, -0.254766, 0.961688, -0.242358
10889734, -1.861079, 0.953995, -0.262832, 0.964287, -0.249631
10894855, -1.861079, 0.961012, -0.273234, 0.965183, -0.251747
10899970, -1.861079, 0.964292, -0.262292, 0.961708, -0.249855
10905087, -1.861079, 0.957270, -0.254955, 0.957348, -0.238376
10910203, -1.860451, 0.956971, -0.260504, 0.966395, -0.250670
10915319, -1.860451, 0.958300, -0.275016, 0.956304, -0.258691
10920433, -1.860451, 0.964105, -0.267377, 0.957361, -0.254750
10925548, -1.860451, 0.953390, -0.255036, 0.960496, -0.245937
10930665, -1.860451, 0.959197, -0.259147, 0.956600, -0.246251
10935785, -1.859823, 0.965638, -0.269085, 0.957334, -0.251427
10940903, -1.859823, 0.959312, -0.260226, 0.962732, -0.248395
10946018, -1.859823, 0.951123, -0.255201, 0.962689, -0.247162
10951137, -1.859195, 0.937406, -0.262871, 0.956115, -0.253813
10956260, -1.859195, 0.923537, -0.276550, 0.949820, -0.260335
10961378, -1.859195, 0.910499, -0.272053, 0.941945, -0.253853
10966497, -1.859195, 0.886333, -0.272164, 0.942969, -0.247877
10971615, -1.859195, 0.843069, -0.271636, 0.928976, -0.269475
10976735, -1.859823, 0.809898, -0.284073, 0.907020, -0.274788
10981852, -1.860451, 0.776184, -0.290875, 0.894425, -0.279544
10986971, -1.861079, 0.756427, -0.289219, 0.886462, -0.281282
10992089, -1.862336, 0.713510, -0.291250, 0.874111, -0.281007
10997206, -1.863593, 0.672422, -0.307226, 0.866233, -0.294891
11002326, -1.865478, 0.622633, -0.317336, 0.847060, -0.304359
11007445, -1.868619, 0.488713, -0.324328, 0.810178, -0.312781
11012569, -1.871761, 0.391778, -0.319101, 0.763019, -0.309256
11017689, -1.876159, 0.315275, -0.324838, 0.721586, -0.306688
11022812, -1.881186, 0.194823, -0.360977, 0.685934, -0.341261
11027930, -1.888097, 0.106433, -0.400579, 0.680644, -0.353539
11033046, -1.895637, 0.060785, -0.402974, 0.677447, -0.360037
11038162, -1.904433, 0.090613, -0.449087, 0.656339, -0.400980
11043278, -1.915115, 0.095579, -0.519517, 0.668418, -0.453879
11048396, -1.926425, 0.111951, -0.499357, 0.649256, -0.443419
11053515, -1.938363, 0.084815, -0.568190, 0.652623, -0.454001
11058636, -1.952186, 0.076596, -0.552587, 0.657933, -0.481380
11063753, -1.967265, 0.131474, -0.594592, 0.643983, -0.489099
11068872, -1.982973, 0.137885, -0.647420, 0.659773, -0.499913
11073994, -2.000566, 0.125556, -0.673828, 0.665577, -0.519306
11079113, -2.018787, 0.101544, -0.725221, 0.673981, -0.542110
11084228, -2.038265, 0.105385, -0.789389, 0.671071, -0.576999
11089346, -2.058372, 0.151180, -0.816427, 0.664869, -0.612815
11094463, -2.080363, 0.155648, -0.831216, 0.640990, -0.608652
11099580, -2.102982, 0.114146, -0.887853, 0.645215, -0.670130
11104703, -2.126858, 0.096100, -0.983066, 0.655694, -0.718108
11109821, -2.151991, 0.138598, -1.022371, 0.661763, -0.761749
11114942, -2.177752, 0.121270, -1.166251, 0.629834, -0.775979
11120062, -2.204770, 0.138414, -1.167204, 0.620075, -0.787231
11125179, -2.232416, 0.134521, -1.187725, 0.619745, -0.832453
11130297, -2.261318, 0.142450, -1.231721, 0.610611, -0.877752
11135417, -2.291478, 0.162956, -1.261269, 0.623884, -0.873175
11140539, -2.322265, 0.177986, -1.346529, 0.619064, -0.922659
11145660, -2.353681, 0.154301, -1.470982, 0.590816, -0.967578
11150780, -2.386354, 0.121176, -1.550112, 0.582699, -0.994541
11155897, -2.420283, 0.143854, -1.570294, 0.568776, -1.021492
11161016, -2.454212, 0.186506, -1.599458, 0.554741, -1.049693
11166135, -2.489398, 0.198585, -1.657420, 0.535388, -1.111024
11171256, -2.525212, 0.174627, -1.749972, 0.519986, -1.153973
11176376, -2.561655, 0.155686, -1.780849, 0.515741, -1.177029
11181494, -2.598726, 0.169365, -1.827320, 0.497828, -1.202310
11186612, -2.636425, 0.195264, -1.890073, 0.470543, -1.230403
11191732, -2.674752, 0.190801, -1.943605, 0.451449, -1.257092
11196848, -2.713708, 0.165156, -1.976194, 0.432978, -1.264452
11201965, -2.753292, 0.163426, -1.998909, 0.409244, -1.287418
11207082, -2.792876, 0.186567, -2.045650, 0.371637, -1.308961
11212199, -2.833717, 0.204494, -2.072251, 0.353646, -1.338050
11217318, -2.873929, 0.184942, -2.109446, 0.344188, -1.359018
11222436, -2.915398, 0.154598, -2.127614, 0.307360, -1.376941
11227553, -2.956867, 0.151433, -2.171078, 0.282026, -1.394356
11232672, -2.998336, 0.161342, -2.197715, 0.259534, -1.394199
11237795, -3.040433, 0.165640, -2.214145, 0.241205, -1.397645
11242914, -3.081903, 0.147178, -2.200416, 0.209794, -1.389691
11248033, -3.124000, 0.125525, -2.207281, 0.176022, -1.389148
11253154, -3.165469, 0.129933, -2.201998, 0.152652, -1.386200
11258273, -3.207566, 0.154888, -2.198523, 0.120929, -1.383021
11263392, -3.249035, 0.149010, -2.180556, 0.086205, -1.367943
11268510, -3.291132, 0.118901, -2.168908, 0.044049, -1.368258
11273626, -3.332602, 0.106848, -2.162698, 0.018958, -1.363934
11278743, -3.374070, 0.123764, -2.121686, -0.009759, -1.355220
11283858, -3.414911, 0.120446, -2.091521, -0.023348, -1.329053
11288984, -3.455124, 0.101343, -2.057781, -0.065752, -1.303745
11294100, -3.495336, 0.070276, -2.026288, -0.102818, -1.280966
11299215, -3.535548, 0.073598, -1.986777, -0.120935, -1.256805
11304335, -3.574504, 0.083696, -1.919424, -0.141140, -1.220754
11309453, -3.613460, 0.076493, -1.886396, -0.167269, -1.193078
11314571, -3.651787, 0.052578, -1.848883, -0.212824, -1.157635
11319695, -3.688858, 0.043770, -1.771199, -0.230435, -1.138348
11324814, -3.725929, 0.038326, -1.730445, -0.246875, -1.110626
11329936, -3.762371, 0.058547, -1.675421, -0.275060, -1.061845
11335052, -3.797557, 0.048923, -1.589247, -0.311109, -1.022033
11340168, -3.832115, 0.021006, -1.538987, -0.342655, -1.001762
11345289, -3.865416, 0.011917, -1.510363, -0.375695, -0.961735
11350405, -3.898088, 0.015029, -1.448865, -0.392374, -0.924707
11355525, -3.930132, 0.029922, -1.333020, -0.416729, -0.873655
11360646, -3.961548, 0.007045, -1.249467, -0.432181, -0.819025
11365759, -3.991079, -0.025204, -1.223804, -0.462938, -0.799893
11370875, -4.020610, -0.023717, -1.148247, -0.471125, -0.739131
11375991, -4.048884, -0.013981, -1.107877, -0.482953, -0.693268
11381108, -4.075902, -0.025007, -1.069436, -0.510487, -0.672568
11386228, -4.101664, -0.049153, -1.048654, -0.518400, -0.660454
11391345, -4.126796, -0.045220, -0.916328, -0.542262, -0.601230
11396462, -4.150672, -0.043352, -0.822778, -0.542099, -0.582338
11401584, -4.173920, -0.052802, -0.819080, -0.581964, -0.516015
11406702, -4.195283, -0.065868, -0.763773, -0.563426, -0.531380
11411824, -4.216017, -0.065839, -0.678835, -0.573371, -0.503062
11416941, -4.235495, -0.065006, -0.621268, -0.602130, -0.443200
11422058, -4.254345, -0.063488, -0.646512, -0.625611, -0.409834
11427176, -4.271309, -0.045105, -0.539632, -0.608821, -0.396084
11432293, -4.287646, -0.076520, -0.445989, -0.647775, -0.363961
11437409, -4.302725, -0.085504, -0.395376, -0.634915, -0.332434
11442524, -4.316548, -0.118691, -0.451444, -0.659430, -0.295904
11447643, -4.329115, -0.111315, -0.415360, -0.662667, -0.282622
11452765, -4.340425, -0.094044, -0.384806, -0.656320, -0.283076
11457880, -4.351106, -0.099306, -0.334901, -0.656379, -0.269195
11462996, -4.359902, -0.114233, -0.289524, -0.671727, -0.253219
11468115, -4.368071, -0.107008, -0.268058, -0.679887, -0.235000
11473227, -4.374982, -0.096544, -0.263547, -0.674553, -0.240142
11478343, -4.380637, -0.114167, -0.242855, -0.680900, -0.229945
11483458, -4.385035, -0.125134, -0.218696, -0.687582, -0.209777
11488577, -4.388176, -0.133282, -0.191340, -0.681905, -0.200172
11493699, -4.390061, -0.118268, -0.203189, -0.682574, -0.200149
11498814, -4.390690, -0.109427, -0.195117, -0.680956, -0.192436
11503930, -4.390690, -0.120248, -0.173581, -0.681655, -0.180005
11509049, -4.388805, -0.129105, -0.180566, -0.686193, -0.170229
11514169, -4.386292, -0.134418, -0.221268, -0.680763, -0.215955
11519294, -4.382522, -0.105226, -0.175706, -0.697920, -0.222091
11524413, -4.377495, -0.110862, -0.218552, -0.693771, -0.220902
11529530, -4.371212, -0.090967, -0.109610, -0.688759, -0.202635
11534653, -4.363672, -0.124040, -0.261632, -0.667837, -0.249008
11539769, -4.354876, -0.095940, -0.233564, -0.676545, -0.261884
11544887, -4.344822, -0.112724, -0.288417, -0.670371, -0.220741
11550002, -4.333513, -0.110019, -0.295483, -0.662241, -0.236439
11555116, -4.321575, -0.112994, -0.352636, -0.645890, -0.275679
11560239, -4.308380, -0.113938, -0.450923, -0.650713, -0.294530
11565356, -4.293929, -0.106087, -0.391850, -0.640711, -0.325898
11570472, -4.278221, -0.085966, -0.411420, -0.651088, -0.334352
11575589, -4.261256, -0.087066, -0.454856, -0.641015, -0.363310
11580710, -4.243035, -0.108918, -0.584120, -0.607070, -0.416810
11585826, -4.224185, -0.104245, -0.664067, -0.616744, -0.408885
11590945, -4.204079, -0.092256, -0.696740, -0.613901, -0.462831
11596063, -4.182716, -0.075759, -0.713648, -0.588950, -0.490307
11601179, -4.160725, -0.079325, -0.724591, -0.581206, -0.536647
11606297, -4.136849, -0.058519, -0.743003, -0.583253, -0.534279
11611418, -4.112345, -0.066980, -0.808418, -0.557868, -0.560864
11616540, -4.087212, -0.058805, -0.899042, -0.533576, -0.606770
11621659, -4.060822, -0.049786, -0.967571, -0.520744, -0.643389
11626775, -4.033176, -0.050018, -1.009596, -0.513494, -0.686711
11631889, -4.004902, -0.057326, -1.045600, -0.500920, -0.713085
11637004, -3.975371, -0.051540, -1.194844, -0.475136, -0.772135
11642123, -3.945212, -0.027597, -1.243582, -0.457809, -0.808929
11647241, -3.913796, -0.016578, -1.272923, -0.439213, -0.839045
11652361, -3.881752, -0.017087, -1.310272, -0.430483, -0.858812
11657476, -3.849079, -0.019830, -1.415582, -0.402776, -0.907623
11662594, -3.815150, 0.005199, -1.465668, -0.376858, -0.939067
11667709, -3.781221, 0.019072, -1.502447, -0.347953, -0.976123
11672825, -3.746035, 0.012416, -1.550396, -0.335402, -1.007432
11677939, -3.710221, 0.009246, -1.606764, -0.313810, -1.051132
11683060, -3.673779, 0.019001, -1.678909, -0.275373, -1.095093
11688175, -3.636708, 0.033579, -1.730253, -0.241263, -1.120031
11693293, -3.599009, 0.036238, -1.787467, -0.231581, -1.146801
11698409, -3.560681, 0.032657, -1.847092, -0.211623, -1.178999
11703530, -3.521725, 0.044606, -1.896934, -0.177197, -1.212601
11708653, -3.482770, 0.058035, -1.919529, -0.139125, -1.242049
11713770, -3.443186, 0.064095, -1.979247, -0.124124, -1.252156
11718889, -3.402973, 0.069795, -2.010576, -0.082428, -1.284959
11724008, -3.362761, 0.071954, -2.042293, -0.054059, -1.308860
11729122, -3.322548, 0.080401, -2.054508, -0.025037, -1.316863
11734238, -3.281708, 0.094964, -2.075816, -0.011408, -1.320756
11739354, -3.240867, 0.096688, -2.115490, 0.025124, -1.348006
11744470, -3.200026, 0.098764, -2.139411, 0.066393, -1.377553
11749587, -3.159186, 0.087174, -2.161609, 0.092763, -1.380679
11754708, -3.118973, 0.103534, -2.147926, 0.114247, -1.383309
11759832, -3.077504, 0.124071, -2.155069, 0.153944, -1.382326
11764952, -3.036664, 0.129000, -2.155817, 0.188330, -1.380297
11770070, -2.995823, 0.120737, -2.151721, 0.207291, -1.374453
11775191, -2.955610, 0.121217, -2.124227, 0.235917, -1.374924
11780317, -2.915398, 0.138417, -2.118580, 0.249023, -1.357741
11785435, -2.875185, 0.140757, -2.110317, 0.274357, -1.358641
11790554, -2.835602, 0.129651, -2.075577, 0.307018, -1.337735
11795675, -2.796646, 0.127553, -2.054785, 0.325453, -1.329768
11800795, -2.757690, 0.125035, -2.027729, 0.347515, -1.312673
11805915, -2.719362, 0.143524, -1.991186, 0.380650, -1.296264
11811035, -2.681664, 0.151903, -1.935658, 0.413060, -1.278645
11816153, -2.643964, 0.143010, -1.893772, 0.423023, -1.255466
11821272, -2.607522, 0.142278, -1.838919, 0.441380, -1.237966
11826393, -2.571708, 0.149021, -1.796637, 0.455971, -1.204466
11831510, -2.536522, 0.151720, -1.751152, 0.478376, -1.170453
11836631, -2.501964, 0.151574, -1.714935, 0.478184, -1.135064
11841754, -2.468035, 0.130206, -1.658544, 0.492640, -1.112550
11846871, -2.435363, 0.141455, -1.590571, 0.512011, -1.085095
11851988, -2.403318, 0.147381, -1.531372, 0.534301, -1.036223
11857108, -2.371902, 0.141699, -1.476189, 0.560877, -0.999996
11862230, -2.341743, 0.128774, -1.425616, 0.576940, -0.981372
11867350, -2.312212, 0.123361, -1.363832, 0.565331, -0.966304
11872468, -2.283938, 0.102878, -1.369715, 0.583585, -0.924766
11877587, -2.256920, 0.115625, -1.263180, 0.595305, -0.876375
11882709, -2.229903, 0.125619, -1.197424, 0.604155, -0.870168
11887830, -2.204770, 0.119352, -1.169070, 0.594969, -0.837779
11892948, -2.180265, 0.112523, -1.059543, 0.603432, -0.791597
11898073, -2.157017, 0.128940, -0.983123, 0.603302, -0.760481
11903191, -2.134398, 0.119905, -0.946312, 0.614321, -0.733471
11908312, -2.113663, 0.103589, -0.936918, 0.607755, -0.716961
11913429, -2.093557, 0.098301, -0.881890, 0.619746, -0.672224
11918548, -2.074080, 0.142376, -0.760379, 0.644815, -0.647276
11923667, -2.056487, 0.108616, -0.846752, 0.638802, -0.618967
11928782, -2.040150, 0.106260, -0.800461, 0.633915, -0.606831
11933895, -2.024442, 0.092203, -0.716879, 0.651626, -0.587665
11939013, -2.009991, 0.058933, -0.695793, 0.645395, -0.545649
11944128, -1.996796, 0.081118, -0.616757, 0.634955, -0.534093
11949246, -1.984858, 0.073380, -0.670859, 0.630159, -0.522493
11954361, -1.973549, 0.067214, -0.630918, 0.654108, -0.509616
11959479, -1.964124, 0.071776, -0.565230, 0.632397, -0.474605
11964593, -1.955327, 0.070048, -0.492227, 0.652483, -0.460367
11969710, -1.948416, 0.078590, -0.502036, 0.648292, -0.473789
11974823, -1.942133, 0.084226, -0.488852, 0.641323, -0.450546
11979941, -1.937106, 0.085266, -0.440031, 0.646442, -0.421064
11985057, -1.933336, 0.077831, -0.450873, 0.649368, -0.427298
11990177, -1.930823, 0.084533, -0.454432, 0.643680, -0.432005
11995293, -1.929566, 0.090790, -0.445027, 0.645060, -0.421650
12000412, -1.928938, 0.090870, -0.422706, 0.648173, -0.397547
12005531, -1.930194, 0.087581, -0.423601, 0.642888, -0.408186
12010648, -1.932079, 0.079136, -0.440879, 0.644930, -0.427551
12015769, -1.935221, 0.080574, -0.449643, 0.644366, -0.425561
12020887, -1.940248, 0.097061, -0.433289, 0.650441, -0.408952
12026002, -1.945902, 0.095535, -0.416798, 0.645330, -0.428106
12031117, -1.952814, 0.101685, -0.420300, 0.644087, -0.437730
12036236, -1.960982, 0.113184, -0.431088, 0.641273, -0.456875
12041355, -1.970407, 0.072510, -0.543768, 0.636374, -0.453224
12046475, -1.981088, 0.096691, -0.513332, 0.645710, -0.461959
12051592, -1.992398, 0.111807, -0.530878, 0.627041, -0.483000
12056709, -2.004964, 0.114013, -0.594674, 0.655268, -0.522765
12061827, -2.019416, 0.081415, -0.700228, 0.655698, -0.515389
12066945, -2.034495, 0.071754, -0.722871, 0.661181, -0.550833
12072062, -2.050203, 0.129843, -0.624308, 0.654436, -0.563674
12077180, -2.067796, 0.151590, -0.587068, 0.640377, -0.613466
12082299, -2.086018, 0.127473, -0.712200, 0.670003, -0.606982
12087418, -2.105495, 0.118689, -0.765973, 0.654251, -0.622436
12092536, -2.126230, 0.126337, -0.852970, 0.655440, -0.688848
12097658, -2.147593, 0.129561, -0.921595, 0.624197, -0.731496
12102780, -2.170841, 0.115154, -0.946613, 0.624814, -0.713674
12107898, -2.194088, 0.125079, -1.007644, 0.616270, -0.743944
12113019, -2.219221, 0.112683, -1.075719, 0.610068, -0.790991
12118135, -2.244982, 0.163755, -1.051648, 0.598792, -0.826079
12123255, -2.271372, 0.126722, -1.198558, 0.610898, -0.855875
12128374, -2.299017, 0.115384, -1.262344, 0.594605, -0.877775
12133494, -2.327920, 0.139781, -1.301266, 0.585006, -0.928699
12138613, -2.357451, 0.160602, -1.321441, 0.580761, -0.939024
12143732, -2.387610, 0.174690, -1.393716, 0.560923, -0.961206
12148849, -2.419026, 0.163034, -1.464629, 0.552767, -0.993855
12153974, -2.451071, 0.154625, -1.495649, 0.538268, -1.020643
12159093, -2.483743, 0.136751, -1.598584, 0.519705, -1.068688
12164212, -2.517044, 0.143239, -1.631955, 0.515643, -1.095669
12169333, -2.551602, 0.166048, -1.669822, 0.504429, -1.122679
12174452, -2.586787, 0.157010, -1.720669, 0.485547, -1.149893
12179571, -2.621973, 0.150292, -1.779674, 0.472719, -1.195878
12184696, -2.658416, 0.169754, -1.789414, 0.451203, -1.212874
12189817, -2.695487, 0.171098, -1.819988, 0.446639, -1.229627
12194937, -2.732557, 0.161940, -1.867321, 0.412470, -1.249755
12200056, -2.770257, 0.144659, -1.934620, 0.389039, -1.278078
12205173, -2.808584, 0.148190, -1.973541, 0.362430, -1.288509
12210290, -2.847540, 0.165697, -1.990453, 0.363648, -1.307455
12215409, -2.886495, 0.162579, -2.021757, 0.323161, -1.326071
12220529, -2.926080, 0.143619, -2.056803, 0.288212, -1.348437
12225646, -2.965663, 0.135892, -2.086773, 0.267603, -1.356947
12230768, -3.005876, 0.147496, -2.095295, 0.249152, -1.353592
12235887, -3.045460, 0.142853, -2.106524, 0.226420, -1.367633
12241007, -3.085672, 0.132958, -2.102978, 0.178508, -1.357967
12246127, -3.125885, 0.129278, -2.105666, 0.164787, -1.364787
12251252, -3.166097, 0.137901, -2.103003, 0.146258, -1.366764
12256370, -3.205681, 0.135830, -2.086661, 0.106117, -1.338766
12261488, -3.245893, 0.124750, -2.087210, 0.071323, -1.335133
12266607, -3.286106, 0.116712, -2.082979, 0.048773, -1.339842
12271723, -3.325690, 0.117008, -2.066030, 0.013013, -1.326337
12276844, -3.365274, 0.106113, -2.027453, -0.003702, -1.309168
12281960, -3.404858, 0.096369, -2.007431, -0.042318, -1.283087
12287084, -3.443814, 0.086417, -1.990166, -0.070753, -1.266133
12292204, -3.482141, 0.088031, -1.950243, -0.092979, -1.255192
12297322, -3.520469, 0.080051, -1.897935, -0.120991, -1.225451
12302438, -3.558168, 0.066865, -1.833991, -0.151762, -1.198679
12307556, -3.595239, 0.065540, -1.804619, -0.184503, -1.175129
12312673, -3.631681, 0.058462, -1.750156, -0.193126, -1.143794
12317792, -3.667495, 0.043285, -1.731978, -0.235569, -1.105215
12322913, -3.703310, 0.032698, -1.680196, -0.266618, -1.082100
12328031, -3.737867, 0.028883, -1.611060, -0.287555, -1.050912
12333147, -3.771796, 0.027997, -1.580389, -0.301524, -1.020052
12338262, -3.804469, 0.026818, -1.500736, -0.316067, -0.986146
12343376, -3.837141, 0.019334, -1.424844, -0.346158, -0.950481
12348495, -3.868557, -0.012819, -1.421330, -0.377498, -0.926920
12353615, -3.898716, -0.012390, -1.335013, -0.397881, -0.876993
12358732, -3.928247, -0.007190, -1.270628, -0.421584, -0.843603
12363847, -3.957150, -0.007513, -1.134617, -0.431914, -0.797170
12368965, -3.985425, -0.026881, -1.151273, -0.451274, -0.796582
12374084, -4.011814, -0.035058, -1.123280, -0.470961, -0.731271
12379199, -4.038203, -0.023334, -1.039149, -0.488212, -0.713618
12384317, -4.062707, -0.011032, -0.952822, -0.500718, -0.668847
12389433, -4.086584, -0.032474, -0.902909, -0.529826, -0.651523
12394549, -4.109831, -0.037334, -0.786203, -0.557342, -0.611776
12399665, -4.131194, -0.013541, -0.676629, -0.524170, -0.574510
12404782, -4.151929, -0.045524, -0.693619, -0.542523, -0.531860
12409901, -4.172035, -0.067978, -0.676258, -0.554594, -0.521568
12415020, -4.190256, -0.085720, -0.641268, -0.588760, -0.502894
12420139, -4.207849, -0.075815, -0.599093, -0.576625, -0.473195
12425255, -4.224185, -0.071826, -0.544543, -0.598088, -0.435998
12430372, -4.239265, -0.098821, -0.536298, -0.601038, -0.414384
12435487, -4.253716, -0.072877, -0.456201, -0.619023, -0.405972
12440604, -4.266911, -0.109891, -0.477849, -0.633715, -0.359400
12445722, -4.278221, -0.096922, -0.439177, -0.628484, -0.346112
12450840, -4.288902, -0.100400, -0.398025, -0.646213, -0.320433
12455956, -4.298955, -0.098464, -0.331748, -0.649145, -0.308664
12461080, -4.307124, -0.103542, -0.320482, -0.644351, -0.306999
12466196, -4.314035, -0.104018, -0.314704, -0.658226, -0.292026
12471313, -4.320318, -0.107424, -0.289346, -0.659382, -0.269474
12476436, -4.325345, -0.108643, -0.274261, -0.663553, -0.257382
12481554, -4.329115, -0.106977, -0.268120, -0.662798, -0.262112
12486673, -4.331628, -0.107941, -0.269844, -0.667333, -0.255310
12491788, -4.332885, -0.118721, -0.253112, -0.678936, -0.243057
12496908, -4.332885, -0.114002, -0.229567, -0.686908, -0.237592
12502025, -4.332256, -0.106447, -0.224046, -0.660548, -0.261317
12507142, -4.329743, -0.111152, -0.242606, -0.675692, -0.272251
12512260, -4.326602, -0.114683, -0.254459, -0.689564, -0.229273
12517379, -4.322203, -0.143457, -0.314806, -0.669372, -0.239204
12522497, -4.316548, -0.124278, -0.292885, -0.675020, -0.254081
12527617, -4.309637, -0.091017, -0.290415, -0.639794, -0.302438
12532733, -4.302097, -0.082711, -0.258678, -0.635048, -0.296931
12537850, -4.292672, -0.114071, -0.359110, -0.645782, -0.287262
12542970, -4.282619, -0.130121, -0.418072, -0.649530, -0.310333
12548083, -4.271309, -0.111179, -0.427732, -0.630324, -0.334974
12553203, -4.258743, -0.114955, -0.462543, -0.642665, -0.324447
12558322, -4.244920, -0.091871, -0.445870, -0.629200, -0.358733
12563439, -4.229840, -0.109974, -0.545420, -0.632586, -0.380358
12568558, -4.214132, -0.096435, -0.531010, -0.613249, -0.417550
12573675, -4.197168, -0.088603, -0.548178, -0.619119, -0.435632
12578796, -4.178946, -0.115180, -0.637933, -0.615559, -0.438014
12583915, -4.160097, -0.083010, -0.621204, -0.583664, -0.494709
12589029, -4.139362, -0.061337, -0.653590, -0.582513, -0.514482
12594147, -4.118628, -0.052715, -0.700774, -0.571469, -0.531441
12599265, -4.096008, -0.066412, -0.814920, -0.569135, -0.546589
12604387, -4.072761, -0.062068, -0.831701, -0.551119, -0.606386
12609498, -4.048256, -0.053392, -0.891710, -0.534394, -0.653786
12614620, -4.023124, -0.047224, -0.933055, -0.512053, -0.664667
12619736, -3.996734, -0.028957, -0.948423, -0.503541, -0.682462
12624857, -3.969717, -0.022922, -1.002937, -0.489294, -0.740986
12629973, -3.941442, -0.019587, -1.096296, -0.466841, -0.775494
12635092, -3.912539, -0.019282, -1.155452, -0.446946, -0.799444
12640210, -3.883008, -0.019714, -1.227323, -0.427699, -0.827804
12645327, -3.852221, -0.021541, -1.290176, -0.412854, -0.874687
12650448, -3.820805, -0.006635, -1.347483, -0.382858, -0.922158
12655562, -3.788132, -0.001541, -1.418811, -0.373242, -0.937223
12660685, -3.755460, -0.007957, -1.465010, -0.349605, -0.966163
12665804, -3.721531, -0.001974, -1.539576, -0.326180, -1.003927
12670919, -3.686973, 0.005881, -1.571540, -0.297843, -1.040851
12676037, -3.652416, 0.017418, -1.616333, -0.274006, -1.067799
12681153, -3.616601, 0.015846, -1.651898, -0.260594, -1.097930
12686273, -3.580787, 0.020036, -1.710385, -0.228915, -1.134636
12691389, -3.543716, 0.042749, -1.752098, -0.195772, -1.163868
12696509, -3.506646, 0.054255, -1.798188, -0.162870, -1.195448
12701632, -3.468947, 0.049343, -1.841092, -0.151719, -1.209615
12706754, -3.431247, 0.052800, -1.905125, -0.116401, -1.231555
12711872, -3.392920, 0.059598, -1.942067, -0.072712, -1.252084
12716990, -3.354593, 0.066562, -1.969101, -0.056735, -1.269783
12722109, -3.315637, 0.071375, -1.988596, -0.035895, -1.284671
12727226, -3.276681, 0.086299, -2.011133, -0.004064, -1.305662
12732344, -3.237097, 0.088793, -2.028305, 0.046434, -1.334419
12737463, -3.198141, 0.091358, -2.033404, 0.061840, -1.326794
12742581, -3.158557, 0.101772, -2.045706, 0.073823, -1.328582
12747707, -3.119601, 0.103379, -2.047616, 0.097485, -1.342545
12752826, -3.080646, 0.111304, -2.056675, 0.134942, -1.349448
12757944, -3.041690, 0.113812, -2.051661, 0.153786, -1.342531
12763065, -3.002106, 0.108818, -2.049445, 0.195328, -1.344718
12768181, -2.963778, 0.101330, -2.043000, 0.214562, -1.339439
12773300, -2.924823, 0.123216, -2.041087, 0.245674, -1.338311
12778423, -2.886495, 0.122884, -2.016513, 0.266727, -1.324060
12783542, -2.848796, 0.116717, -1.995911, 0.281338, -1.306168
12788660, -2.811097, 0.128267, -1.970855, 0.313035, -1.297672
12793782, -2.773398, 0.120783, -1.959716, 0.331748, -1.293532
12798901, -2.736955, 0.123446, -1.905302, 0.356833, -1.264171
12804021, -2.700513, 0.132958, -1.869145, 0.372602, -1.248506
12809138, -2.664699, 0.128869, -1.834438, 0.392505, -1.242293
12814259, -2.629513, 0.122299, -1.780959, 0.416193, -1.213099
12819378, -2.595584, 0.109775, -1.766974, 0.442000, -1.185105
12824496, -2.561655, 0.135654, -1.694314, 0.461522, -1.162876
12829616, -2.528354, 0.137050, -1.671152, 0.468818, -1.132785
12834739, -2.496310, 0.115134, -1.628887, 0.489602, -1.097009
12839859, -2.464894, 0.114540, -1.565736, 0.512296, -1.077139
12844983, -2.434106, 0.132979, -1.481482, 0.510888, -1.037098
12850105, -2.403947, 0.117388, -1.455359, 0.526116, -1.019987
12855224, -2.375044, 0.128198, -1.406624, 0.552577, -0.995352
12860343, -2.346770, 0.132064, -1.334555, 0.553752, -0.964572
12865460, -2.319752, 0.141969, -1.268211, 0.567444, -0.913367
12870582, -2.293363, 0.148569, -1.208091, 0.543508, -0.895842
12875699, -2.268230, 0.109614, -1.223355, 0.559025, -0.862527
12880817, -2.243726, 0.113442, -1.145697, 0.574894, -0.829523
12885937, -2.220478, 0.093470, -1.087761, 0.597173, -0.804417
12891053, -2.198487, 0.120135, -1.011953, 0.590780, -0.767020
12896173, -2.177124, 0.103732, -0.989820, 0.569569, -0.732721
12901291, -2.157017, 0.076896, -1.021479, 0.587329, -0.703038
12906409, -2.137540, 0.094301, -0.858767, 0.589247, -0.675204
12911526, -2.119947, 0.086568, -0.835146, 0.601032, -0.659365
12916643, -2.102982, 0.077613, -0.856189, 0.601955, -0.636654
12921760, -2.087274, 0.088697, -0.798952, 0.630847, -0.611933
12926878, -2.072195, 0.090303, -0.644153, 0.627100, -0.610894
12931994, -2.059000, 0.074733, -0.740104, 0.640467, -0.576220
12937113, -2.046433, 0.083624, -0.710450, 0.625514, -0.577459
12942233, -2.035124, 0.115542, -0.605466, 0.626331, -0.557812
12947348, -2.025071, 0.120635, -0.542733, 0.634367, -0.513374
12952468, -2.016274, 0.100365, -0.547060, 0.623332, -0.508490
12957584, -2.008106, 0.088490, -0.525820, 0.653115, -0.520274
12962699, -2.001194, 0.074094, -0.529120, 0.637441, -0.504401
12967814, -1.996168, 0.079779, -0.508571, 0.632207, -0.476454
12972942, -1.991770, 0.081401, -0.491973, 0.624057, -0.474727
12978064, -1.988628, 0.085181, -0.484341, 0.623832, -0.484092
12983180, -1.986115, 0.087758, -0.496368, 0.634485, -0.481171
12988301, -1.985487, 0.085526, -0.476756, 0.624688, -0.460932
12993419, -1.985487, 0.081579, -0.473736, 0.627997, -0.462098
12998535, -1.987372, 0.072370, -0.490784, 0.625350, -0.476540
13003651, -1.989885, 0.086720, -0.491029, 0.633743, -0.478678
13008771, -1.993655, 0.096663, -0.469306, 0.631703, -0.464695
13013887, -1.998681, 0.098894, -0.478271, 0.630956, -0.460147
13019003, -2.004964, 0.101492, -0.470971, 0.625727, -0.502064
13024117, -2.011876, 0.110706, -0.479803, 0.625518, -0.506301
13029231, -2.020672, 0.095990, -0.536920, 0.631863, -0.500106
13034347, -2.030097, 0.101884, -0.551567, 0.632201, -0.491479
13039465, -2.040779, 0.110675, -0.549015, 0.626270, -0.543516
13044581, -2.052717, 0.116767, -0.568026, 0.618398, -0.548836
13049697, -2.065283, 0.079825, -0.662040, 0.635917, -0.557144
13054821, -2.079734, 0.123019, -0.655505, 0.619668, -0.546537
13059941, -2.094814, 0.109922, -0.686796, 0.648751, -0.615126
13065061, -2.111150, 0.087478, -0.841126, 0.623891, -0.642670
13070177, -2.128115, 0.091420, -0.836834, 0.637468, -0.646154
13075297, -2.146336, 0.111917, -0.801681, 0.589780, -0.675695
13080414, -2.165814, 0.110592, -0.831226, 0.597103, -0.701952
13085531, -2.186548, 0.131559, -0.917295, 0.600357, -0.740674
13090657, -2.207911, 0.136672, -0.934710, 0.606142, -0.745194
13095774, -2.230531, 0.144025, -0.948975, 0.596474, -0.763543
13100891, -2.253778, 0.151805, -0.983505, 0.590183, -0.802605
13106008, -2.278283, 0.146002, -1.074908, 0.594642, -0.851951
13111126, -2.303416, 0.138104, -1.152261, 0.575163, -0.856106
13116242, -2.329805, 0.139246, -1.176718, 0.574988, -0.871439
13121365, -2.357451, 0.122161, -1.271521, 0.545324, -0.913320
13126485, -2.385097, 0.132468, -1.309431, 0.544692, -0.955193
13131603, -2.414000, 0.149028, -1.364241, 0.544051, -0.971418
13136719, -2.444159, 0.143524, -1.415844, 0.535686, -0.988081
13141843, -2.474947, 0.151645, -1.447293, 0.523973, -1.023986
13146964, -2.506363, 0.124263, -1.543724, 0.495237, -1.054072
13152081, -2.538407, 0.138587, -1.585912, 0.505658, -1.087166
13157200, -2.571079, 0.148468, -1.618596, 0.491245, -1.101211
13162322, -2.604380, 0.143299, -1.658275, 0.466232, -1.138238
13167445, -2.638309, 0.133937, -1.733552, 0.438731, -1.173856
13172569, -2.672867, 0.148676, -1.753048, 0.440634, -1.192453
13177690, -2.708053, 0.157762, -1.785093, 0.415638, -1.216587
13182811, -2.743867, 0.145859, -1.840521, 0.390507, -1.233013
13187932, -2.780309, 0.144767, -1.865779, 0.370696, -1.246974
13193055, -2.816752, 0.142043, -1.892453, 0.353552, -1.270329
13198173, -2.853823, 0.139698, -1.953301, 0.348764, -1.275563
13203289, -2.891522, 0.141873, -1.963737, 0.307697, -1.299875
13208411, -2.929221, 0.139312, -1.974309, 0.278658, -1.304704
13213529, -2.966920, 0.123342, -2.021159, 0.263514, -1.312246
13218652, -3.005876, 0.137521, -1.994875, 0.232723, -1.315639
13223775, -3.044203, 0.141096, -1.992669, 0.208145, -1.318565
13228897, -3.082531, 0.135832, -1.997074, 0.173948, -1.326553
13234017, -3.120858, 0.129485, -1.976769, 0.168771, -1.334528
13239136, -3.159186, 0.124703, -1.989666, 0.143793, -1.334055
13244252, -3.197513, 0.110556, -1.991845, 0.106607, -1.326850
13249370, -3.235840, 0.107070, -1.987052, 0.083018, -1.314647
13254492, -3.274796, 0.100563, -2.009763, 0.043924, -1.317055
13259613, -3.312495, 0.098215, -1.980232, 0.022242, -1.302184
13264741, -3.350823, 0.096507, -1.942621, -0.005534, -1.281793
13269860, -3.388522, 0.092281, -1.921800, -0.044692, -1.261729
13274977, -3.425593, 0.086112, -1.898754, -0.070618, -1.245211
13280095, -3.462663, 0.076829, -1.858747, -0.083933, -1.224628
13285213, -3.499734, 0.063965, -1.813874, -0.113201, -1.209807
13290330, -3.535548, 0.065161, -1.765483, -0.155357, -1.174475
13295454, -3.571362, 0.064137, -1.734875, -0.173800, -1.153333
13300575, -3.606548, 0.049252, -1.707496, -0.204728, -1.145943
13305693, -3.641106, 0.044862, -1.656351, -0.219302, -1.102439
13310807, -3.675035, 0.017635, -1.667539, -0.240414, -1.083262
13315927, -3.708336, 0.023903, -1.572118, -0.273523, -1.045265
13321043, -3.741009, 0.025142, -1.547004, -0.272862, -1.032574
13326162, -3.773053, 0.033066, -1.462641, -0.324667, -0.978962
13331278, -3.803840, 0.028862, -1.352557, -0.329532, -0.958699
13336397, -3.834000, 0.010365, -1.295153, -0.355232, -0.904098
13341515, -3.863531, -0.006033, -1.270788, -0.386937, -0.889901
13346629, -3.891805, 0.003428, -1.240020, -0.400317, -0.858717
13351746, -3.919451, -0.040711, -1.277766, -0.428662, -0.815355
13356860, -3.946469, -0.040984, -1.162563, -0.443495, -0.789099
13361985, -3.972230, -0.033532, -1.081883, -0.446964, -0.779861
13367107, -3.997362, -0.061851, -1.078777, -0.469363, -0.742780
13372224, -4.021239, -0.060384, -0.953510, -0.487977, -0.693344
13377340, -4.043858, -0.056813, -0.979954, -0.522153, -0.664480
13382458, -4.065849, -0.076677, -0.944651, -0.532343, -0.623847
13387577, -4.087212, -0.096333, -0.921155, -0.529298, -0.610342
13392697, -4.106690, -0.074066, -0.805293, -0.563111, -0.588979
13397818, -4.126168, -0.059216, -0.706394, -0.564730, -0.527454
13402935, -4.143761, -0.062549, -0.665376, -0.566846, -0.533025
13408054, -4.160097, -0.039617, -0.628685, -0.588095, -0.491255
13413173, -4.175805, -0.075434, -0.633131, -0.592363, -0.461352
13418289, -4.190256, -0.078227, -0.543704, -0.588101, -0.427043
13423409, -4.204079, -0.090587, -0.544323, -0.589960, -0.425884
13428530, -4.216646, -0.099049, -0.528368, -0.598873, -0.399185
13433649, -4.227327, -0.065913, -0.443240, -0.603561, -0.396093
13438767, -4.238008, -0.088458, -0.417166, -0.628657, -0.364376
13443885, -4.246805, -0.097664, -0.406682, -0.613850, -0.348759
13449002, -4.254345, -0.108124, -0.402349, -0.624676, -0.348510
13454125, -4.261256, -0.102627, -0.373908, -0.637809, -0.341627
13459245, -4.266911, -0.101051, -0.339071, -0.647471, -0.319372
13464364, -4.271309, -0.103060, -0.323670, -0.651557, -0.313027
13469480, -4.274451, -0.112591, -0.322199, -0.648951, -0.316310
13474599, -4.276336, -0.114184, -0.317394, -0.650527, -0.299993
13479718, -4.277593, -0.116317, -0.287782, -0.645833, -0.288108
13484841, -4.277593, -0.101998, -0.295339, -0.653362, -0.288459
13489961, -4.276336, -0.112596, -0.313507, -0.669237, -0.313624
13495084, -4.273823, -0.127607, -0.334776, -0.670207, -0.316917
13500200, -4.270681, -0.109840, -0.277605, -0.655824, -0.310824
13505323, -4.265655, -0.098818, -0.266555, -0.649183, -0.293492
13510440, -4.260000, -0.108321, -0.325636, -0.650195, -0.306789
13515556, -4.253088, -0.071930, -0.298356, -0.638734, -0.336314
13520673, -4.244920, -0.085385, -0.343016, -0.649718, -0.349025
13525790, -4.235495, -0.103113, -0.402050, -0.653116, -0.342751
13530910, -4.225442, -0.126609, -0.417777, -0.635992, -0.393731
13536030, -4.213504, -0.121881, -0.451238, -0.610146, -0.403850
13541145, -4.201566, -0.091152, -0.452314, -0.600949, -0.416379
13546264, -4.187743, -0.084407, -0.493644, -0.606707, -0.426564
13551378, -4.172663, -0.047020, -0.414722, -0.623497, -0.447594
13556495, -4.156955, -0.047965, -0.479042, -0.602216, -0.472483
13561618, -4.139991, -0.086159, -0.609651, -0.600341, -0.485606
13566735, -4.122398, -0.113146, -0.706537, -0.590039, -0.493775
13571854, -4.103549, -0.125555, -0.779864, -0.549482, -0.556055
13576973, -4.083442, -0.106917, -0.827008, -0.550523, -0.571103
13582091, -4.062079, -0.083496, -0.826063, -0.542996, -0.585047
13587211, -4.040717, -0.087707, -0.843198, -0.564588, -0.589166
13592332, -4.017468, -0.081790, -0.925176, -0.529275, -0.645289
13597452, -3.993593, -0.069802, -0.966880, -0.514425, -0.678373
13602569, -3.968460, -0.070218, -1.037800, -0.509884, -0.684536
13607686, -3.942699, -0.058981, -1.046900, -0.473729, -0.725604
13612802, -3.916309, -0.046739, -1.145724, -0.460834, -0.777951
13617924, -3.888663, -0.048368, -1.185903, -0.446647, -0.801529
13623041, -3.860389, -0.027806, -1.203536, -0.424553, -0.838304
13628159, -3.831486, -0.030018, -1.263560, -0.411113, -0.867762
13633277, -3.801327, -0.047516, -1.350605, -0.384831, -0.921011
13638396, -3.770540, -0.019627, -1.353576, -0.365831, -0.941735
13643516, -3.739124, -0.008134, -1.404733, -0.346258, -0.957838
13648630, -3.707079, 0.004712, -1.423450, -0.334986, -0.985098
13653750, -3.674407, 0.011503, -1.487703, -0.296613, -1.023241
13658870, -3.641106, 0.016995, -1.552680, -0.272674, -1.055115
13663991, -3.607177, 0.020250, -1.601508, -0.256814, -1.074789
13669106, -3.572619, 0.022257, -1.651805, -0.240989, -1.109661
13674222, -3.537433, 0.030841, -1.697636, -0.203586, -1.135891
13679339, -3.502248, 0.035775, -1.733120, -0.169108, -1.167287
13684455, -3.465805, 0.039846, -1.758532, -0.147442, -1.186104
13689573, -3.429991, 0.044353, -1.794833, -0.130759, -1.205705
13694689, -3.392920, 0.057428, -1.839188, -0.095898, -1.224448
13699807, -3.356477, 0.060934, -1.882720, -0.062919, -1.252949
13704924, -3.319407, 0.060499, -1.896789, -0.033333, -1.262843
13710041, -3.281708, 0.069667, -1.894612, -0.014760, -1.274600
13715156, -3.244009, 0.082054, -1.929106, -0.000407, -1.280979
13720268, -3.206938, 0.072011, -1.964763, 0.033553, -1.295345
13725382, -3.169239, 0.071952, -1.986629, 0.071018, -1.308862
13730501, -3.132168, 0.081937, -1.987351, 0.085688, -1.316940
13735619, -3.094469, 0.097120, -1.984288, 0.124932, -1.322997
13740738, -3.056770, 0.111657, -1.970812, 0.146918, -1.317689
13745860, -3.019071, 0.119909, -1.944809, 0.179632, -1.309737
13750978, -2.982000, 0.117426, -1.954808, 0.188355, -1.304520
13756098, -2.944929, 0.118195, -1.954674, 0.217341, -1.303628
13761221, -2.907858, 0.128576, -1.918883, 0.244065, -1.302356
13766342, -2.871416, 0.119920, -1.892751, 0.269370, -1.291283
13771464, -2.834973, 0.115467, -1.884331, 0.288368, -1.282589
13776583, -2.799159, 0.111407, -1.860434, 0.303821, -1.266955
13781700, -2.763973, 0.119126, -1.841224, 0.330879, -1.254314
13786823, -2.728787, 0.129436, -1.803027, 0.350830, -1.225646
13791948, -2.694230, 0.123527, -1.778539, 0.364560, -1.211661
13797068, -2.660301, 0.115985, -1.750654, 0.377890, -1.197223
13802185, -2.627628, 0.117553, -1.719369, 0.413919, -1.183888
13807312, -2.594955, 0.105978, -1.719513, 0.432571, -1.145740
13812432, -2.562911, 0.114957, -1.629828, 0.445312, -1.126161
13817554, -2.531495, 0.117256, -1.591287, 0.445728, -1.110297
13822678, -2.501336, 0.115855, -1.542263, 0.471786, -1.076100
13827796, -2.471805, 0.117800, -1.447012, 0.490802, -1.052050
13832913, -2.442903, 0.118713, -1.400793, 0.497580, -1.013923
13838029, -2.414628, 0.114690, -1.399930, 0.510401, -1.005328
13843146, -2.387610, 0.118850, -1.322285, 0.520044, -0.970892
13848263, -2.361221, 0.107821, -1.260263, 0.518393, -0.945730
13853382, -2.336088, 0.139169, -1.150250, 0.549365, -0.903815
13858503, -2.311584, 0.128392, -1.168392, 0.545698, -0.892740
13863623, -2.287708, 0.092185, -1.164081, 0.556474, -0.879616
13868742, -2.265717, 0.074401, -1.159149, 0.577510, -0.836142
13873867, -2.243726, 0.107382, -1.021891, 0.575369, -0.817540
13878984, -2.223619, 0.102724, -0.992348, 0.548110, -0.791105
13884104, -2.204141, 0.102820, -0.992196, 0.564737, -0.743269
13889221, -2.185292, 0.063986, -1.022808, 0.564085, -0.684896
13894338, -2.167699, 0.042125, -0.934618, 0.592861, -0.672695
13899460, -2.151363, 0.063984, -0.802843, 0.604193, -0.676805
13904579, -2.136283, 0.090083, -0.726807, 0.601991, -0.678431
13909700, -2.121832, 0.102366, -0.742652, 0.607411, -0.652227
13914823, -2.109265, 0.088431, -0.723988, 0.613389, -0.633818
13919940, -2.096699, 0.129216, -0.593208, 0.586979, -0.595509
13925058, -2.086018, 0.086821, -0.687558, 0.590411, -0.612670
13930173, -2.076593, 0.077981, -0.710100, 0.604447, -0.573358
13935290, -2.067796, 0.071223, -0.689667, 0.596742, -0.551411
13940409, -2.060256, 0.064630, -0.636823, 0.599222, -0.553009
13945530, -2.053973, 0.068538, -0.625246, 0.612641, -0.536299
13950652, -2.048318, 0.070829, -0.592363, 0.616433, -0.526106
13955771, -2.044549, 0.078636, -0.558924, 0.614113, -0.518675
13960895, -2.041407, 0.082463, -0.538360, 0.614760, -0.509228
13966012, -2.039522, 0.076321, -0.533600, 0.612081, -0.520185
13971133, -2.038894, 0.079836, -0.520204, 0.620013, -0.516562
13976247, -2.038894, 0.089156, -0.509680, 0.628000, -0.506787
13981364, -2.040779, 0.085709, -0.509378, 0.619297, -0.503899
13986479, -2.043292, 0.079288, -0.525129, 0.610519, -0.515542
13991594, -2.047062, 0.076969, -0.540060, 0.615532, -0.525406
13996708, -2.052088, 0.080913, -0.543673, 0.622377, -0.519766
14001826, -2.057743, 0.092278, -0.539758, 0.611206, -0.533683
14006942, -2.065283, 0.082728, -0.622819, 0.599078, -0.546278
14012059, -2.073451, 0.089213, -0.589668, 0.611233, -0.551265
14017182, -2.082876, 0.098625, -0.618398, 0.610642, -0.553267
14022299, -2.093557, 0.073752, -0.718593, 0.615113, -0.583811
14027415, -2.104867, 0.121194, -0.630029, 0.605110, -0.585293
14032530, -2.117434, 0.106951, -0.682405, 0.597541, -0.622082
14037647, -2.131256, 0.097734, -0.705323, 0.626070, -0.621559
14042765, -2.146336, 0.105643, -0.730037, 0.605585, -0.620472
14047885, -2.162044, 0.104025, -0.779239, 0.602502, -0.654699
14053003, -2.179009, 0.121420, -0.777612, 0.596161, -0.677604
14058119, -2.197230, 0.113182, -0.916562, 0.575061, -0.697836
14063237, -2.216079, 0.102502, -0.974698, 0.587317, -0.727975
14068353, -2.235557, 0.083071, -0.998017, 0.579309, -0.770980
14073470, -2.256920, 0.080409, -1.055977, 0.588497, -0.778098
14078587, -2.278911, 0.060650, -1.119521, 0.583406, -0.794407
14083705, -2.301531, 0.115065, -1.049055, 0.579621, -0.807274
14088819, -2.325407, 0.121443, -1.137993, 0.549276, -0.862993
14093939, -2.349911, 0.116507, -1.171387, 0.546515, -0.887430
14099060, -2.375672, 0.122306, -1.185344, 0.556858, -0.901901
14104178, -2.402062, 0.131581, -1.205116, 0.558135, -0.933910
14109295, -2.429080, 0.153355, -1.258200, 0.541672, -0.970160
14114413, -2.457354, 0.129790, -1.381842, 0.515618, -0.997656
14119533, -2.486256, 0.147364, -1.424490, 0.503525, -0.995112
14124652, -2.515787, 0.145501, -1.433078, 0.492582, -1.024004
14129770, -2.546575, 0.117607, -1.552488, 0.483831, -1.071020
14134889, -2.577363, 0.142416, -1.536417, 0.457884, -1.099612
14140013, -2.609407, 0.162231, -1.536745, 0.456087, -1.125963
14145133, -2.641451, 0.152479, -1.571578, 0.435176, -1.126719
14150252, -2.674124, 0.136879, -1.647411, 0.408106, -1.157408
14155373, -2.708053, 0.136888, -1.709520, 0.394780, -1.189086
14160491, -2.741982, 0.142530, -1.745626, 0.390441, -1.204655
14165613, -2.776540, 0.144950, -1.772098, 0.366459, -1.215327
14170732, -2.811097, 0.133755, -1.804539, 0.339519, -1.250928
14175852, -2.846283, 0.141117, -1.831316, 0.314350, -1.264615
14180975, -2.882097, 0.146542, -1.847266, 0.301904, -1.266135
14186094, -2.918540, 0.128463, -1.864809, 0.280712, -1.269958
14191213, -2.954354, 0.119424, -1.895029, 0.249180, -1.282044
14196334, -2.991425, 0.116941, -1.910437, 0.215629, -1.295632
14201453, -3.027867, 0.133874, -1.905853, 0.214339, -1.292679
14206571, -3.064938, 0.114848, -1.920917, 0.181716, -1.291683
14211689, -3.102009, 0.103431, -1.939351, 0.151976, -1.294953
14216805, -3.139079, 0.102950, -1.948940, 0.140179, -1.296032
14221927, -3.174894, 0.109174, -1.932590, 0.111017, -1.297164
14227048, -3.211964, 0.106355, -1.923857, 0.085229, -1.296747
14232168, -3.249035, 0.097993, -1.908087, 0.060607, -1.284990
14237284, -3.285478, 0.108041, -1.854000, 0.024666, -1.273495
14242400, -3.321920, 0.097835, -1.866245, 0.015982, -1.266090
14247514, -3.358362, 0.089234, -1.845634, -0.011606, -1.252053
14252632, -3.394177, 0.076489, -1.810219, -0.048952, -1.250195
14257748, -3.429991, 0.062251, -1.785488, -0.085924, -1.234094
14262870, -3.465177, 0.063841, -1.729004, -0.096510, -1.212528
14267990, -3.500363, 0.077035, -1.677209, -0.120153, -1.183910
14273106, -3.534920, 0.062662, -1.662584, -0.159374, -1.148473
14278226, -3.568849, 0.024930, -1.676366, -0.173916, -1.139942
14283346, -3.602150, 0.026881, -1.642181, -0.200503, -1.101986
14288461, -3.634823, 0.012326, -1.598676, -0.228766, -1.079649
14293581, -3.667495, 0.030539, -1.518999, -0.254664, -1.061221
14298700, -3.698911, 0.033783, -1.466359, -0.283153, -1.018171
14303826, -3.729699, 0.027622, -1.360370, -0.301346, -0.994083
14308943, -3.759858, 0.019601, -1.351448, -0.325381, -0.966524
14314058, -3.789389, 0.010355, -1.313486, -0.336599, -0.940962
14319174, -3.818292, -0.030719, -1.339189, -0.357963, -0.935903
14324294, -3.845938, -0.051568, -1.295842, -0.378338, -0.869975
14329414, -3.872955, -0.020788, -1.215840, -0.400168, -0.856342
14334535, -3.898716, 0.000782, -1.111928, -0.419438, -0.814440
14339651, -3.924478, 0.005568, -0.988403, -0.435874, -0.797037
14344768, -3.948354, -0.002542, -0.971143, -0.467510, -0.754876
14349883, -3.971601, -0.029647, -0.996860, -0.467501, -0.733967
14355010, -3.994221, -0.075995, -1.031042, -0.482523, -0.710739
14360126, -4.015584, -0.047013, -0.874563, -0.516519, -0.658292
14365246, -4.036318, -0.070460, -0.903681, -0.514305, -0.623885
14370360, -4.055796, -0.054084, -0.853408, -0.530395, -0.609265
14375480, -4.074018, -0.062044, -0.754057, -0.548143, -0.587455
14380598, -4.091610, -0.077431, -0.754264, -0.551186, -0.571965
14385716, -4.107946, -0.094299, -0.710372, -0.581919, -0.545630
14390833, -4.123654, -0.075469, -0.628396, -0.564894, -0.522061
14395958, -4.138106, -0.064671, -0.580173, -0.581037, -0.507525
14401074, -4.151300, -0.080839, -0.528511, -0.599569, -0.476946
14406194, -4.163239, -0.086201, -0.497094, -0.612944, -0.450515
14411307, -4.174548, -0.090929, -0.505065, -0.612653, -0.433486
14416424, -4.184601, -0.091043, -0.482489, -0.611187, -0.437170
14421542, -4.193398, -0.093300, -0.456047, -0.619731, -0.413183
14426660, -4.201566, -0.098339, -0.426061, -0.627960, -0.383533
14431782, -4.207849, -0.097567, -0.418039, -0.629581, -0.380264
14436902, -4.213504, -0.097885, -0.401802, -0.622663, -0.378199
14442021, -4.218531, -0.093022, -0.385598, -0.636490, -0.359369
14447143, -4.221672, -0.112870, -0.360545, -0.636755, -0.352492
14452267, -4.224185, -0.107570, -0.363362, -0.639062, -0.351002
14457386, -4.224814, -0.110074, -0.369322, -0.637264, -0.358420
14462503, -4.225442, -0.103147, -0.352680, -0.640926, -0.352926
14467620, -4.224185, -0.113245, -0.346168, -0.641436, -0.349204
14472739, -4.222301, -0.115637, -0.364291, -0.644778, -0.344543
14477857, -4.219159, -0.126990, -0.402963, -0.654371, -0.364915
14482976, -4.214761, -0.117015, -0.398967, -0.638640, -0.367747
14488095, -4.209106, -0.118034, -0.377681, -0.652163, -0.364163
14493208, -4.202823, -0.109234, -0.392651, -0.643134, -0.385047
14498325, -4.194654, -0.107831, -0.452569, -0.626011, -0.396621
14503444, -4.186486, -0.103071, -0.395302, -0.624072, -0.397356
14508559, -4.176433, -0.086487, -0.414704, -0.621810, -0.397610
14513676, -4.165123, -0.090992, -0.431512, -0.604341, -0.436873
14518796, -4.153185, -0.097007, -0.461459, -0.615680, -0.449959
14523916, -4.139991, -0.070252, -0.427120, -0.627092, -0.446703
14529032, -4.126168, -0.062064, -0.470128, -0.604176, -0.486075
14534151, -4.111088, -0.070119, -0.568269, -0.613759, -0.484963
14539268, -4.094752, -0.090101, -0.661963, -0.587217, -0.520593
14544386, -4.077787, -0.084410, -0.688330, -0.568633, -0.526649
14549504, -4.059566, -0.060295, -0.651498, -0.560137, -0.563162
14554620, -4.040088, -0.082647, -0.732415, -0.554102, -0.582001
14559735, -4.019982, -0.059537, -0.804127, -0.526902, -0.621714
14564853, -3.999248, -0.059529, -0.849023, -0.510659, -0.645550
14569975, -3.976628, -0.086797, -0.931225, -0.503329, -0.656397
14575095, -3.954009, -0.090227, -0.995641, -0.484901, -0.693056
14580207, -3.930132, -0.066802, -0.998196, -0.477569, -0.724032
14585325, -3.905000, -0.051469, -1.051057, -0.459050, -0.758970
14590442, -3.879867, -0.037906, -1.079613, -0.447455, -0.776767
14595560, -3.852849, -0.052630, -1.170748, -0.443913, -0.810242
14600678, -3.825832, -0.054545, -1.223141, -0.416429, -0.839882
14605797, -3.797557, -0.046156, -1.270484, -0.382080, -0.883547
14610920, -3.769283, -0.033930, -1.313378, -0.368248, -0.897497
14616040, -3.739752, -0.016331, -1.330120, -0.362318, -0.920810
14621155, -3.708964, 0.002921, -1.384044, -0.324527, -0.974880
14626271, -3.678177, 0.011047, -1.369462, -0.296991, -0.995095
14631389, -3.646761, 0.020611, -1.411186, -0.291196, -1.017222
14636503, -3.614717, 0.011124, -1.477455, -0.267561, -1.041127
14641624, -3.582044, 0.001920, -1.567853, -0.238472, -1.076846
14646742, -3.548743, 0.006820, -1.616724, -0.214897, -1.107711
14651859, -3.515442, 0.014641, -1.638798, -0.204710, -1.129204
14656978, -3.481513, 0.020693, -1.682290, -0.183642, -1.146304
14662098, -3.446955, 0.027619, -1.717506, -0.152680, -1.182866
14667218, -3.411770, 0.023236, -1.762889, -0.112649, -1.201377
14672336, -3.376584, 0.033864, -1.784405, -0.095111, -1.206977
14677458, -3.341398, 0.039581, -1.801839, -0.078679, -1.231424
14682577, -3.305584, 0.046166, -1.827562, -0.040388, -1.245089
14687694, -3.269770, 0.058381, -1.844201, -0.008607, -1.258896
14692809, -3.233955, 0.065978, -1.861755, 0.004415, -1.264039
14697929, -3.197513, 0.068656, -1.884699, 0.026701, -1.265383
14703054, -3.161699, 0.068402, -1.886646, 0.060938, -1.280195
14708172, -3.125885, 0.078960, -1.882905, 0.089016, -1.283317
14713290, -3.090070, 0.089147, -1.887162, 0.110977, -1.287816
14718409, -3.053628, 0.083809, -1.877785, 0.140431, -1.293146
14723530, -3.017814, 0.088588, -1.865090, 0.161937, -1.293727
14728649, -2.982000, 0.106565, -1.874416, 0.190047, -1.287587
14733766, -2.946814, 0.113249, -1.826178, 0.212098, -1.272575
14738886, -2.911628, 0.105268, -1.814595, 0.225812, -1.267444
14744006, -2.876442, 0.105685, -1.813600, 0.245869, -1.269580
14749126, -2.841885, 0.111107, -1.826413, 0.268531, -1.260739
14754246, -2.807327, 0.106216, -1.777232, 0.296350, -1.247450
14759363, -2.773398, 0.110782, -1.740192, 0.315197, -1.229285
14764482, -2.740097, 0.114979, -1.718596, 0.327939, -1.207672
14769607, -2.707425, 0.124195, -1.700699, 0.362757, -1.195559
14774729, -2.674752, 0.122941, -1.652416, 0.377055, -1.167806
14779853, -2.643336, 0.119579, -1.614057, 0.385151, -1.150363
14784972, -2.611920, 0.129462, -1.588590, 0.396080, -1.146813
14790092, -2.581761, 0.138498, -1.537429, 0.416992, -1.108081
14795211, -2.551602, 0.125314, -1.465608, 0.440384, -1.090414
14800327, -2.522699, 0.110452, -1.471060, 0.453024, -1.071300
14805443, -2.494425, 0.102486, -1.455648, 0.455556, -1.060724
14810559, -2.467407, 0.124028, -1.365914, 0.470454, -1.013309
14815675, -2.440389, 0.106317, -1.290100, 0.475495, -0.978611
14820795, -2.414628, 0.100302, -1.293656, 0.492417, -0.958179
14825912, -2.389495, 0.092801, -1.288415, 0.500854, -0.941136
14831029, -2.365619, 0.087718, -1.243828, 0.510084, -0.923859
14836153, -2.342371, 0.070993, -1.222229, 0.515073, -0.883283
14841273, -2.319752, 0.077040, -1.170114, 0.531565, -0.847475
14846390, -2.298389, 0.099468, -1.050471, 0.549952, -0.846551
14851508, -2.278283, 0.079974, -1.069557, 0.537069, -0.830594
14856626, -2.258805, 0.077003, -0.989009, 0.559403, -0.794028
14861738, -2.240584, 0.104123, -0.881217, 0.571527, -0.795953
14866855, -2.222991, 0.103300, -0.843272, 0.598012, -0.749684
14871977, -2.206655, 0.045193, -0.896866, 0.589800, -0.749802
14877094, -2.191575, 0.068680, -0.884650, 0.587993, -0.702648
14882213, -2.177124, 0.104156, -0.791280, 0.581231, -0.687890
14887330, -2.163929, 0.108939, -0.712750, 0.585057, -0.678908
14892448, -2.151363, 0.073943, -0.778912, 0.579799, -0.671983
14897567, -2.140681, 0.080388, -0.691140, 0.586577, -0.627467
14902687, -2.130628, 0.118806, -0.571836, 0.575000, -0.610186
14907804, -2.121203, 0.097114, -0.608953, 0.594367, -0.602408
14912922, -2.113663, 0.069785, -0.618828, 0.586561, -0.595383
14918044, -2.106752, 0.081350, -0.600661, 0.592960, -0.587905
14923157, -2.101097, 0.079516, -0.593399, 0.598756, -0.564780
14928278, -2.096699, 0.079242, -0.600639, 0.585291, -0.562541
14933396, -2.092929, 0.074499, -0.597210, 0.598586, -0.575179
14938514, -2.091044, 0.072548, -0.567963, 0.607166, -0.551369
14943632, -2.089787, 0.075361, -0.557474, 0.600337, -0.546250
14948751, -2.089159, 0.071778, -0.558031, 0.586218, -0.551956
14953871, -2.090416, 0.075430, -0.569964, 0.595314, -0.553594
14958993, -2.092301, 0.078833, -0.560026, 0.605600, -0.559953
14964114, -2.095442, 0.078150, -0.544560, 0.601458, -0.547878
14969231, -2.099841, 0.069435, -0.585467, 0.591874, -0.550742
14974349, -2.104867, 0.074187, -0.621696, 0.593844, -0.578868
14979466, -2.111778, 0.080752, -0.608808, 0.592286, -0.575238
14984583, -2.119318, 0.081459, -0.592145, 0.602083, -0.580185
14989702, -2.128115, 0.090560, -0.637578, 0.589515, -0.600191
14994818, -2.137540, 0.069863, -0.691986, 0.581244, -0.601764
14999934, -2.148221, 0.064790, -0.684525, 0.584423, -0.615642
15005057, -2.160159, 0.068434, -0.765418, 0.600017, -0.623614
15010173, -2.173354, 0.081060, -0.815607, 0.594856, -0.649276
15015290, -2.187177, 0.102509, -0.759955, 0.565666, -0.653459
15020407, -2.202256, 0.096545, -0.798490, 0.582694, -0.689007
15025528, -2.217964, 0.083806, -0.855304, 0.563449, -0.670278
15030648, -2.234929, 0.156095, -0.772743, 0.594943, -0.729840
15035770, -2.252522, 0.139602, -0.827115, 0.569943, -0.743263
15040892, -2.272000, 0.125829, -0.927694, 0.555834, -0.755710
15046009, -2.291478, 0.109808, -0.964205, 0.554295, -0.801040
15051125, -2.312212, 0.101843, -0.995563, 0.541110, -0.788606
15056244, -2.334203, 0.122379, -1.048047, 0.562355, -0.851549
15061361, -2.356823, 0.149740, -1.047294, 0.549571, -0.872533
15066479, -2.380071, 0.106570, -1.154393, 0.545774, -0.877132
15071598, -2.404575, 0.089196, -1.233809, 0.524033, -0.892809
15076716, -2.429708, 0.088500, -1.261241, 0.518063, -0.929316
15081833, -2.456097, 0.122347, -1.253103, 0.523582, -0.971555
15086957, -2.482486, 0.112842, -1.320861, 0.511790, -0.980159
15092083, -2.510133, 0.131396, -1.361419, 0.484734, -1.006568
15097206, -2.538407, 0.129745, -1.400660, 0.465982, -1.041790
15102328, -2.567310, 0.119450, -1.478202, 0.461896, -1.077061
15107452, -2.597469, 0.108830, -1.533733, 0.457319, -1.078844
15112573, -2.627628, 0.144624, -1.507369, 0.438285, -1.089114
15117693, -2.658416, 0.134468, -1.572853, 0.401770, -1.128497
15122813, -2.689832, 0.157345, -1.546208, 0.402511, -1.145688
15127935, -2.721876, 0.158223, -1.605191, 0.373491, -1.149072
15133053, -2.754549, 0.150427, -1.638569, 0.356352, -1.162775
15138171, -2.787849, 0.141257, -1.658009, 0.348420, -1.193373
15143291, -2.821150, 0.119265, -1.704907, 0.329063, -1.216867
15148408, -2.855079, 0.136456, -1.736463, 0.320424, -1.222038
15153527, -2.889009, 0.123460, -1.802985, 0.285662, -1.227438
15158649, -2.923566, 0.111013, -1.815615, 0.259041, -1.261146
15163771, -2.958124, 0.112227, -1.813498, 0.241117, -1.259301
15168890, -2.993309, 0.135187, -1.813975, 0.226542, -1.252646
15174014, -3.028495, 0.121124, -1.859909, 0.202692, -1.268524
15179133, -3.063681, 0.114601, -1.849402, 0.166598, -1.261042
15184253, -3.099495, 0.094456, -1.857000, 0.136357, -1.267062
15189373, -3.134681, 0.086235, -1.870867, 0.120479, -1.285392
15194496, -3.169867, 0.087815, -1.897467, 0.101616, -1.274427
15199614, -3.205053, 0.085894, -1.842659, 0.055813, -1.255669
